[2022-11-25 21:02:29] [WARNING]: 虚拟设备信息不存在, 将自动生成随机设备. 
[2022-11-25 21:02:34] [WARNING]: 登录失败: 密码错误或账号被冻结 
[2022-11-25 21:03:02] [WARNING]: 登录失败: 密码错误或账号被冻结 
[2022-11-25 21:03:38] [WARNING]: 登录失败: 密码错误或账号被冻结 
[2022-11-25 21:03:53] [WARNING]: 账号密码未配置, 将使用二维码登录. 
[2022-11-25 21:03:53] [WARNING]: 将在 5秒 后继续. 
[2022-11-25 21:04:47] [WARNING]: Protocol -> device lock is disable. http api may fail. 
[2022-11-25 21:04:48] [WARNING]: lambda 初始化失败: Post "http:///runtime/init/ready": http: no Host in request URL 
[2022-11-25 21:04:53] [WARNING]: 连接到反向WebSocket Universal服务器 ws://your_websocket_universal.server 时出现错误: dial tcp: lookup your_websocket_universal.server: no such host 
[2022-11-25 21:04:56] [WARNING]: 连接到反向WebSocket Universal服务器 ws://your_websocket_universal.server 时出现错误: dial tcp: lookup your_websocket_universal.server: no such host 
[2022-11-25 21:04:59] [WARNING]: 连接到反向WebSocket Universal服务器 ws://your_websocket_universal.server 时出现错误: dial tcp: lookup your_websocket_universal.server: no such host 
[2022-11-25 21:05:02] [WARNING]: 连接到反向WebSocket Universal服务器 ws://your_websocket_universal.server 时出现错误: dial tcp: lookup your_websocket_universal.server: no such host 
[2022-11-25 21:05:05] [WARNING]: 连接到反向WebSocket Universal服务器 ws://your_websocket_universal.server 时出现错误: dial tcp: lookup your_websocket_universal.server: no such host 
[2022-11-25 21:05:08] [WARNING]: 连接到反向WebSocket Universal服务器 ws://your_websocket_universal.server 时出现错误: dial tcp: lookup your_websocket_universal.server: no such host 
[2022-11-25 21:05:17] [WARNING]: 连接到反向WebSocket Universal服务器 ws://your_websocket_universal.server 时出现错误: dial tcp: lookup your_websocket_universal.server: no such host 
[2022-11-25 21:05:20] [WARNING]: 连接到反向WebSocket Universal服务器 ws://your_websocket_universal.server 时出现错误: dial tcp: lookup your_websocket_universal.server: no such host 
[2022-11-25 21:05:23] [WARNING]: 连接到反向WebSocket Universal服务器 ws://your_websocket_universal.server 时出现错误: dial tcp: lookup your_websocket_universal.server: no such host 
[2022-11-25 21:05:26] [WARNING]: 连接到反向WebSocket Universal服务器 ws://your_websocket_universal.server 时出现错误: dial tcp: lookup your_websocket_universal.server: no such host 
[2022-11-25 21:05:35] [WARNING]: 连接到反向WebSocket Universal服务器 ws://your_websocket_universal.server 时出现错误: dial tcp: lookup your_websocket_universal.server: no such host 
[2022-11-25 21:05:43] [WARNING]: 连接到反向WebSocket Universal服务器 ws://your_websocket_universal.server 时出现错误: dial tcp: lookup your_websocket_universal.server: no such host 
[2022-11-25 21:05:46] [WARNING]: 连接到反向WebSocket Universal服务器 ws://your_websocket_universal.server 时出现错误: dial tcp: lookup your_websocket_universal.server: no such host 
[2022-11-25 21:05:49] [WARNING]: 连接到反向WebSocket Universal服务器 ws://your_websocket_universal.server 时出现错误: dial tcp: lookup your_websocket_universal.server: no such host 
[2022-11-25 21:05:52] [WARNING]: 连接到反向WebSocket Universal服务器 ws://your_websocket_universal.server 时出现错误: dial tcp: lookup your_websocket_universal.server: no such host 
[2022-11-25 21:06:00] [WARNING]: 连接到反向WebSocket Universal服务器 ws://your_websocket_universal.server 时出现错误: dial tcp: lookup your_websocket_universal.server: no such host 
[2022-11-25 21:06:03] [WARNING]: 连接到反向WebSocket Universal服务器 ws://your_websocket_universal.server 时出现错误: dial tcp: lookup your_websocket_universal.server: no such host 
[2022-11-25 21:06:06] [WARNING]: 连接到反向WebSocket Universal服务器 ws://your_websocket_universal.server 时出现错误: dial tcp: lookup your_websocket_universal.server: no such host 
[2022-11-25 21:06:09] [WARNING]: 连接到反向WebSocket Universal服务器 ws://your_websocket_universal.server 时出现错误: dial tcp: lookup your_websocket_universal.server: no such host 
[2022-11-25 21:06:13] [WARNING]: 连接到反向WebSocket Universal服务器 ws://your_websocket_universal.server 时出现错误: dial tcp: lookup your_websocket_universal.server: no such host 
[2022-11-25 21:06:16] [WARNING]: 连接到反向WebSocket Universal服务器 ws://your_websocket_universal.server 时出现错误: dial tcp: lookup your_websocket_universal.server: no such host 
[2022-11-25 21:06:19] [WARNING]: 连接到反向WebSocket Universal服务器 ws://your_websocket_universal.server 时出现错误: dial tcp: lookup your_websocket_universal.server: no such host 
[2022-11-25 21:06:22] [WARNING]: 连接到反向WebSocket Universal服务器 ws://your_websocket_universal.server 时出现错误: dial tcp: lookup your_websocket_universal.server: no such host 
[2022-11-25 21:06:25] [WARNING]: 连接到反向WebSocket Universal服务器 ws://your_websocket_universal.server 时出现错误: dial tcp: lookup your_websocket_universal.server: no such host 
[2022-11-25 21:06:28] [WARNING]: 连接到反向WebSocket Universal服务器 ws://your_websocket_universal.server 时出现错误: dial tcp: lookup your_websocket_universal.server: no such host 
[2022-11-25 21:06:31] [WARNING]: 连接到反向WebSocket Universal服务器 ws://your_websocket_universal.server 时出现错误: dial tcp: lookup your_websocket_universal.server: no such host 
[2022-11-25 21:06:34] [WARNING]: 连接到反向WebSocket Universal服务器 ws://your_websocket_universal.server 时出现错误: dial tcp: lookup your_websocket_universal.server: no such host 
[2022-11-25 21:06:37] [WARNING]: 连接到反向WebSocket Universal服务器 ws://your_websocket_universal.server 时出现错误: dial tcp: lookup your_websocket_universal.server: no such host 
[2022-11-25 21:06:40] [WARNING]: 连接到反向WebSocket Universal服务器 ws://your_websocket_universal.server 时出现错误: dial tcp: lookup your_websocket_universal.server: no such host 
[2022-11-25 21:06:43] [WARNING]: 连接到反向WebSocket Universal服务器 ws://your_websocket_universal.server 时出现错误: dial tcp: lookup your_websocket_universal.server: no such host 
[2022-11-25 21:06:46] [WARNING]: 连接到反向WebSocket Universal服务器 ws://your_websocket_universal.server 时出现错误: dial tcp: lookup your_websocket_universal.server: no such host 
[2022-11-25 21:06:49] [WARNING]: 连接到反向WebSocket Universal服务器 ws://your_websocket_universal.server 时出现错误: dial tcp: lookup your_websocket_universal.server: no such host 
[2022-11-25 21:06:52] [WARNING]: 连接到反向WebSocket Universal服务器 ws://your_websocket_universal.server 时出现错误: dial tcp: lookup your_websocket_universal.server: no such host 
[2022-11-25 21:06:55] [WARNING]: 连接到反向WebSocket Universal服务器 ws://your_websocket_universal.server 时出现错误: dial tcp: lookup your_websocket_universal.server: no such host 
[2022-11-25 21:06:58] [WARNING]: 连接到反向WebSocket Universal服务器 ws://your_websocket_universal.server 时出现错误: dial tcp: lookup your_websocket_universal.server: no such host 
[2022-11-25 21:07:01] [WARNING]: 连接到反向WebSocket Universal服务器 ws://your_websocket_universal.server 时出现错误: dial tcp: lookup your_websocket_universal.server: no such host 
[2022-11-25 21:07:04] [WARNING]: 连接到反向WebSocket Universal服务器 ws://your_websocket_universal.server 时出现错误: dial tcp: lookup your_websocket_universal.server: no such host 
[2022-11-25 21:07:07] [WARNING]: 连接到反向WebSocket Universal服务器 ws://your_websocket_universal.server 时出现错误: dial tcp: lookup your_websocket_universal.server: no such host 
[2022-11-25 21:07:10] [WARNING]: 连接到反向WebSocket Universal服务器 ws://your_websocket_universal.server 时出现错误: dial tcp: lookup your_websocket_universal.server: no such host 
[2022-11-25 21:07:13] [WARNING]: 连接到反向WebSocket Universal服务器 ws://your_websocket_universal.server 时出现错误: dial tcp: lookup your_websocket_universal.server: no such host 
[2022-11-25 21:07:16] [WARNING]: 连接到反向WebSocket Universal服务器 ws://your_websocket_universal.server 时出现错误: dial tcp: lookup your_websocket_universal.server: no such host 
[2022-11-25 21:07:19] [WARNING]: 连接到反向WebSocket Universal服务器 ws://your_websocket_universal.server 时出现错误: dial tcp: lookup your_websocket_universal.server: no such host 
[2022-11-25 21:07:22] [WARNING]: 连接到反向WebSocket Universal服务器 ws://your_websocket_universal.server 时出现错误: dial tcp: lookup your_websocket_universal.server: no such host 
[2022-11-25 21:07:25] [WARNING]: 连接到反向WebSocket Universal服务器 ws://your_websocket_universal.server 时出现错误: dial tcp: lookup your_websocket_universal.server: no such host 
[2022-11-25 21:07:28] [WARNING]: 连接到反向WebSocket Universal服务器 ws://your_websocket_universal.server 时出现错误: dial tcp: lookup your_websocket_universal.server: no such host 
[2022-11-25 21:07:31] [WARNING]: 连接到反向WebSocket Universal服务器 ws://your_websocket_universal.server 时出现错误: dial tcp: lookup your_websocket_universal.server: no such host 
[2022-11-25 21:07:34] [WARNING]: 连接到反向WebSocket Universal服务器 ws://your_websocket_universal.server 时出现错误: dial tcp: lookup your_websocket_universal.server: no such host 
[2022-11-25 21:07:37] [WARNING]: 连接到反向WebSocket Universal服务器 ws://your_websocket_universal.server 时出现错误: dial tcp: lookup your_websocket_universal.server: no such host 
[2022-11-25 21:07:40] [WARNING]: 连接到反向WebSocket Universal服务器 ws://your_websocket_universal.server 时出现错误: dial tcp: lookup your_websocket_universal.server: no such host 
[2022-11-25 21:07:43] [WARNING]: 连接到反向WebSocket Universal服务器 ws://your_websocket_universal.server 时出现错误: dial tcp: lookup your_websocket_universal.server: no such host 
[2022-11-25 21:07:46] [WARNING]: 连接到反向WebSocket Universal服务器 ws://your_websocket_universal.server 时出现错误: dial tcp: lookup your_websocket_universal.server: no such host 
[2022-11-25 21:07:49] [WARNING]: 连接到反向WebSocket Universal服务器 ws://your_websocket_universal.server 时出现错误: dial tcp: lookup your_websocket_universal.server: no such host 
[2022-11-25 21:07:52] [WARNING]: 连接到反向WebSocket Universal服务器 ws://your_websocket_universal.server 时出现错误: dial tcp: lookup your_websocket_universal.server: no such host 
[2022-11-25 21:07:55] [WARNING]: 连接到反向WebSocket Universal服务器 ws://your_websocket_universal.server 时出现错误: dial tcp: lookup your_websocket_universal.server: no such host 
[2022-11-25 21:07:58] [WARNING]: 连接到反向WebSocket Universal服务器 ws://your_websocket_universal.server 时出现错误: dial tcp: lookup your_websocket_universal.server: no such host 
[2022-11-25 21:08:01] [WARNING]: 连接到反向WebSocket Universal服务器 ws://your_websocket_universal.server 时出现错误: dial tcp: lookup your_websocket_universal.server: no such host 
[2022-11-25 21:08:04] [WARNING]: 连接到反向WebSocket Universal服务器 ws://your_websocket_universal.server 时出现错误: dial tcp: lookup your_websocket_universal.server: no such host 
[2022-11-25 21:08:07] [WARNING]: 连接到反向WebSocket Universal服务器 ws://your_websocket_universal.server 时出现错误: dial tcp: lookup your_websocket_universal.server: no such host 
[2022-11-25 21:08:10] [WARNING]: 连接到反向WebSocket Universal服务器 ws://your_websocket_universal.server 时出现错误: dial tcp: lookup your_websocket_universal.server: no such host 
[2022-11-25 21:08:13] [WARNING]: 连接到反向WebSocket Universal服务器 ws://your_websocket_universal.server 时出现错误: dial tcp: lookup your_websocket_universal.server: no such host 
[2022-11-25 21:08:16] [WARNING]: 连接到反向WebSocket Universal服务器 ws://your_websocket_universal.server 时出现错误: dial tcp: lookup your_websocket_universal.server: no such host 
[2022-11-25 21:08:31] [WARNING]: 连接到反向WebSocket Universal服务器 ws://your_websocket_universal.server 时出现错误: dial tcp: lookup your_websocket_universal.server: no such host 
[2022-11-25 21:08:34] [WARNING]: 连接到反向WebSocket Universal服务器 ws://your_websocket_universal.server 时出现错误: dial tcp: lookup your_websocket_universal.server: no such host 
[2022-11-25 21:08:37] [WARNING]: 连接到反向WebSocket Universal服务器 ws://your_websocket_universal.server 时出现错误: dial tcp: lookup your_websocket_universal.server: no such host 
[2022-11-25 21:08:40] [WARNING]: 连接到反向WebSocket Universal服务器 ws://your_websocket_universal.server 时出现错误: dial tcp: lookup your_websocket_universal.server: no such host 
[2022-11-25 21:08:43] [WARNING]: 连接到反向WebSocket Universal服务器 ws://your_websocket_universal.server 时出现错误: dial tcp: lookup your_websocket_universal.server: no such host 
[2022-11-25 21:08:46] [WARNING]: 连接到反向WebSocket Universal服务器 ws://your_websocket_universal.server 时出现错误: dial tcp: lookup your_websocket_universal.server: no such host 
[2022-11-25 21:08:53] [WARNING]: 连接到反向WebSocket Universal服务器 ws://your_websocket_universal.server 时出现错误: dial tcp: lookup your_websocket_universal.server: no such host 
[2022-11-25 21:08:56] [WARNING]: 连接到反向WebSocket Universal服务器 ws://your_websocket_universal.server 时出现错误: dial tcp: lookup your_websocket_universal.server: no such host 
[2022-11-25 21:09:04] [WARNING]: 连接到反向WebSocket Universal服务器 ws://your_websocket_universal.server 时出现错误: dial tcp: lookup your_websocket_universal.server: no such host 
[2022-11-25 21:09:07] [WARNING]: 连接到反向WebSocket Universal服务器 ws://your_websocket_universal.server 时出现错误: dial tcp: lookup your_websocket_universal.server: no such host 
[2022-11-25 21:09:10] [WARNING]: 连接到反向WebSocket Universal服务器 ws://your_websocket_universal.server 时出现错误: dial tcp: lookup your_websocket_universal.server: no such host 
[2022-11-25 21:09:13] [WARNING]: 连接到反向WebSocket Universal服务器 ws://your_websocket_universal.server 时出现错误: dial tcp: lookup your_websocket_universal.server: no such host 
[2022-11-25 21:09:16] [WARNING]: 连接到反向WebSocket Universal服务器 ws://your_websocket_universal.server 时出现错误: dial tcp: lookup your_websocket_universal.server: no such host 
[2022-11-25 21:09:19] [WARNING]: 连接到反向WebSocket Universal服务器 ws://your_websocket_universal.server 时出现错误: dial tcp: lookup your_websocket_universal.server: no such host 
[2022-11-25 21:09:22] [WARNING]: 连接到反向WebSocket Universal服务器 ws://your_websocket_universal.server 时出现错误: dial tcp: lookup your_websocket_universal.server: no such host 
[2022-11-25 21:09:25] [WARNING]: 连接到反向WebSocket Universal服务器 ws://your_websocket_universal.server 时出现错误: dial tcp: lookup your_websocket_universal.server: no such host 
[2022-11-25 21:09:29] [WARNING]: 连接到反向WebSocket Universal服务器 ws://your_websocket_universal.server 时出现错误: dial tcp: lookup your_websocket_universal.server: no such host 
[2022-11-25 21:09:32] [WARNING]: 连接到反向WebSocket Universal服务器 ws://your_websocket_universal.server 时出现错误: dial tcp: lookup your_websocket_universal.server: no such host 
[2022-11-25 21:09:35] [WARNING]: 连接到反向WebSocket Universal服务器 ws://your_websocket_universal.server 时出现错误: dial tcp: lookup your_websocket_universal.server: no such host 
[2022-11-25 21:09:38] [WARNING]: 连接到反向WebSocket Universal服务器 ws://your_websocket_universal.server 时出现错误: dial tcp: lookup your_websocket_universal.server: no such host 
[2022-11-25 21:09:41] [WARNING]: 连接到反向WebSocket Universal服务器 ws://your_websocket_universal.server 时出现错误: dial tcp: lookup your_websocket_universal.server: no such host 
[2022-11-25 21:09:44] [WARNING]: 连接到反向WebSocket Universal服务器 ws://your_websocket_universal.server 时出现错误: dial tcp: lookup your_websocket_universal.server: no such host 
[2022-11-25 21:09:47] [WARNING]: 连接到反向WebSocket Universal服务器 ws://your_websocket_universal.server 时出现错误: dial tcp: lookup your_websocket_universal.server: no such host 
[2022-11-25 21:09:50] [WARNING]: 连接到反向WebSocket Universal服务器 ws://your_websocket_universal.server 时出现错误: dial tcp: lookup your_websocket_universal.server: no such host 
[2022-11-25 21:09:53] [WARNING]: 连接到反向WebSocket Universal服务器 ws://your_websocket_universal.server 时出现错误: dial tcp: lookup your_websocket_universal.server: no such host 
[2022-11-25 21:09:56] [WARNING]: 连接到反向WebSocket Universal服务器 ws://your_websocket_universal.server 时出现错误: dial tcp: lookup your_websocket_universal.server: no such host 
[2022-11-25 21:09:59] [WARNING]: 连接到反向WebSocket Universal服务器 ws://your_websocket_universal.server 时出现错误: dial tcp: lookup your_websocket_universal.server: no such host 
[2022-11-25 21:10:02] [WARNING]: 连接到反向WebSocket Universal服务器 ws://your_websocket_universal.server 时出现错误: dial tcp: lookup your_websocket_universal.server: no such host 
[2022-11-25 21:10:05] [WARNING]: 连接到反向WebSocket Universal服务器 ws://your_websocket_universal.server 时出现错误: dial tcp: lookup your_websocket_universal.server: no such host 
[2022-11-25 21:10:08] [WARNING]: 连接到反向WebSocket Universal服务器 ws://your_websocket_universal.server 时出现错误: dial tcp: lookup your_websocket_universal.server: no such host 
[2022-11-25 21:10:11] [WARNING]: 连接到反向WebSocket Universal服务器 ws://your_websocket_universal.server 时出现错误: dial tcp: lookup your_websocket_universal.server: no such host 
[2022-11-25 21:10:14] [WARNING]: 连接到反向WebSocket Universal服务器 ws://your_websocket_universal.server 时出现错误: dial tcp: lookup your_websocket_universal.server: no such host 
[2022-11-25 21:10:17] [WARNING]: 连接到反向WebSocket Universal服务器 ws://your_websocket_universal.server 时出现错误: dial tcp: lookup your_websocket_universal.server: no such host 
[2022-11-25 21:10:20] [WARNING]: 连接到反向WebSocket Universal服务器 ws://your_websocket_universal.server 时出现错误: dial tcp: lookup your_websocket_universal.server: no such host 
[2022-11-25 21:10:23] [WARNING]: 连接到反向WebSocket Universal服务器 ws://your_websocket_universal.server 时出现错误: dial tcp: lookup your_websocket_universal.server: no such host 
[2022-11-25 21:10:26] [WARNING]: 连接到反向WebSocket Universal服务器 ws://your_websocket_universal.server 时出现错误: dial tcp: lookup your_websocket_universal.server: no such host 
[2022-11-25 21:10:29] [WARNING]: 连接到反向WebSocket Universal服务器 ws://your_websocket_universal.server 时出现错误: dial tcp: lookup your_websocket_universal.server: no such host 
[2022-11-25 21:10:32] [WARNING]: 连接到反向WebSocket Universal服务器 ws://your_websocket_universal.server 时出现错误: dial tcp: lookup your_websocket_universal.server: no such host 
[2022-11-25 21:10:35] [WARNING]: 连接到反向WebSocket Universal服务器 ws://your_websocket_universal.server 时出现错误: dial tcp: lookup your_websocket_universal.server: no such host 
[2022-11-25 21:10:38] [WARNING]: 连接到反向WebSocket Universal服务器 ws://your_websocket_universal.server 时出现错误: dial tcp: lookup your_websocket_universal.server: no such host 
[2022-11-25 21:10:41] [WARNING]: 连接到反向WebSocket Universal服务器 ws://your_websocket_universal.server 时出现错误: dial tcp: lookup your_websocket_universal.server: no such host 
[2022-11-25 21:10:44] [WARNING]: 连接到反向WebSocket Universal服务器 ws://your_websocket_universal.server 时出现错误: dial tcp: lookup your_websocket_universal.server: no such host 
[2022-11-25 21:10:47] [WARNING]: 连接到反向WebSocket Universal服务器 ws://your_websocket_universal.server 时出现错误: dial tcp: lookup your_websocket_universal.server: no such host 
[2022-11-25 21:10:50] [WARNING]: 连接到反向WebSocket Universal服务器 ws://your_websocket_universal.server 时出现错误: dial tcp: lookup your_websocket_universal.server: no such host 
[2022-11-25 21:10:53] [WARNING]: 连接到反向WebSocket Universal服务器 ws://your_websocket_universal.server 时出现错误: dial tcp: lookup your_websocket_universal.server: no such host 
[2022-11-25 21:10:56] [WARNING]: 连接到反向WebSocket Universal服务器 ws://your_websocket_universal.server 时出现错误: dial tcp: lookup your_websocket_universal.server: no such host 
[2022-11-25 21:11:05] [WARNING]: 连接到反向WebSocket Universal服务器 ws://your_websocket_universal.server 时出现错误: dial tcp: lookup your_websocket_universal.server: no such host 
[2022-11-25 21:11:08] [WARNING]: 连接到反向WebSocket Universal服务器 ws://your_websocket_universal.server 时出现错误: dial tcp: lookup your_websocket_universal.server: no such host 
[2022-11-25 21:11:11] [WARNING]: 连接到反向WebSocket Universal服务器 ws://your_websocket_universal.server 时出现错误: dial tcp: lookup your_websocket_universal.server: no such host 
[2022-11-25 21:11:14] [WARNING]: 连接到反向WebSocket Universal服务器 ws://your_websocket_universal.server 时出现错误: dial tcp: lookup your_websocket_universal.server: no such host 
[2022-11-25 21:11:23] [WARNING]: 连接到反向WebSocket Universal服务器 ws://your_websocket_universal.server 时出现错误: dial tcp: lookup your_websocket_universal.server: no such host 
[2022-11-25 21:11:26] [WARNING]: 连接到反向WebSocket Universal服务器 ws://your_websocket_universal.server 时出现错误: dial tcp: lookup your_websocket_universal.server: no such host 
[2022-11-25 21:11:29] [WARNING]: 连接到反向WebSocket Universal服务器 ws://your_websocket_universal.server 时出现错误: dial tcp: lookup your_websocket_universal.server: no such host 
[2022-11-25 21:11:32] [WARNING]: 连接到反向WebSocket Universal服务器 ws://your_websocket_universal.server 时出现错误: dial tcp: lookup your_websocket_universal.server: no such host 
[2022-11-25 21:11:35] [WARNING]: 连接到反向WebSocket Universal服务器 ws://your_websocket_universal.server 时出现错误: dial tcp: lookup your_websocket_universal.server: no such host 
[2022-11-25 21:11:38] [WARNING]: 连接到反向WebSocket Universal服务器 ws://your_websocket_universal.server 时出现错误: dial tcp: lookup your_websocket_universal.server: no such host 
[2022-11-25 21:11:41] [WARNING]: 连接到反向WebSocket Universal服务器 ws://your_websocket_universal.server 时出现错误: dial tcp: lookup your_websocket_universal.server: no such host 
[2022-11-25 21:11:44] [WARNING]: 连接到反向WebSocket Universal服务器 ws://your_websocket_universal.server 时出现错误: dial tcp: lookup your_websocket_universal.server: no such host 
[2022-11-25 21:11:47] [WARNING]: 连接到反向WebSocket Universal服务器 ws://your_websocket_universal.server 时出现错误: dial tcp: lookup your_websocket_universal.server: no such host 
[2022-11-25 21:11:50] [WARNING]: 连接到反向WebSocket Universal服务器 ws://your_websocket_universal.server 时出现错误: dial tcp: lookup your_websocket_universal.server: no such host 
[2022-11-25 21:11:53] [WARNING]: 连接到反向WebSocket Universal服务器 ws://your_websocket_universal.server 时出现错误: dial tcp: lookup your_websocket_universal.server: no such host 
[2022-11-25 21:11:56] [WARNING]: 连接到反向WebSocket Universal服务器 ws://your_websocket_universal.server 时出现错误: dial tcp: lookup your_websocket_universal.server: no such host 
[2022-11-25 21:11:59] [WARNING]: 连接到反向WebSocket Universal服务器 ws://your_websocket_universal.server 时出现错误: dial tcp: lookup your_websocket_universal.server: no such host 
[2022-11-25 21:12:02] [WARNING]: 连接到反向WebSocket Universal服务器 ws://your_websocket_universal.server 时出现错误: dial tcp: lookup your_websocket_universal.server: no such host 
[2022-11-25 21:12:11] [WARNING]: 连接到反向WebSocket Universal服务器 ws://your_websocket_universal.server 时出现错误: dial tcp: lookup your_websocket_universal.server: no such host 
[2022-11-25 21:12:14] [WARNING]: 连接到反向WebSocket Universal服务器 ws://your_websocket_universal.server 时出现错误: dial tcp: lookup your_websocket_universal.server: no such host 
[2022-11-25 21:12:17] [WARNING]: 连接到反向WebSocket Universal服务器 ws://your_websocket_universal.server 时出现错误: dial tcp: lookup your_websocket_universal.server: no such host 
[2022-11-25 21:12:20] [WARNING]: 连接到反向WebSocket Universal服务器 ws://your_websocket_universal.server 时出现错误: dial tcp: lookup your_websocket_universal.server: no such host 
[2022-11-25 21:12:23] [WARNING]: 连接到反向WebSocket Universal服务器 ws://your_websocket_universal.server 时出现错误: dial tcp: lookup your_websocket_universal.server: no such host 
[2022-11-25 21:12:26] [WARNING]: 连接到反向WebSocket Universal服务器 ws://your_websocket_universal.server 时出现错误: dial tcp: lookup your_websocket_universal.server: no such host 
[2022-11-25 21:12:29] [WARNING]: 连接到反向WebSocket Universal服务器 ws://your_websocket_universal.server 时出现错误: dial tcp: lookup your_websocket_universal.server: no such host 
[2022-11-25 21:12:32] [WARNING]: 连接到反向WebSocket Universal服务器 ws://your_websocket_universal.server 时出现错误: dial tcp: lookup your_websocket_universal.server: no such host 
[2022-11-25 21:12:35] [WARNING]: 连接到反向WebSocket Universal服务器 ws://your_websocket_universal.server 时出现错误: dial tcp: lookup your_websocket_universal.server: no such host 
[2022-11-25 21:12:38] [WARNING]: 连接到反向WebSocket Universal服务器 ws://your_websocket_universal.server 时出现错误: dial tcp: lookup your_websocket_universal.server: no such host 
[2022-11-25 21:12:41] [WARNING]: 连接到反向WebSocket Universal服务器 ws://your_websocket_universal.server 时出现错误: dial tcp: lookup your_websocket_universal.server: no such host 
[2022-11-25 21:12:44] [WARNING]: 连接到反向WebSocket Universal服务器 ws://your_websocket_universal.server 时出现错误: dial tcp: lookup your_websocket_universal.server: no such host 
[2022-11-25 21:12:47] [WARNING]: 连接到反向WebSocket Universal服务器 ws://your_websocket_universal.server 时出现错误: dial tcp: lookup your_websocket_universal.server: no such host 
[2022-11-25 21:12:50] [WARNING]: 连接到反向WebSocket Universal服务器 ws://your_websocket_universal.server 时出现错误: dial tcp: lookup your_websocket_universal.server: no such host 
[2022-11-25 21:12:53] [WARNING]: 连接到反向WebSocket Universal服务器 ws://your_websocket_universal.server 时出现错误: dial tcp: lookup your_websocket_universal.server: no such host 
[2022-11-25 21:12:56] [WARNING]: 连接到反向WebSocket Universal服务器 ws://your_websocket_universal.server 时出现错误: dial tcp: lookup your_websocket_universal.server: no such host 
[2022-11-25 21:12:59] [WARNING]: 连接到反向WebSocket Universal服务器 ws://your_websocket_universal.server 时出现错误: dial tcp: lookup your_websocket_universal.server: no such host 
[2022-11-25 21:13:02] [WARNING]: 连接到反向WebSocket Universal服务器 ws://your_websocket_universal.server 时出现错误: dial tcp: lookup your_websocket_universal.server: no such host 
[2022-11-25 21:13:05] [WARNING]: 连接到反向WebSocket Universal服务器 ws://your_websocket_universal.server 时出现错误: dial tcp: lookup your_websocket_universal.server: no such host 
[2022-11-25 21:13:08] [WARNING]: 连接到反向WebSocket Universal服务器 ws://your_websocket_universal.server 时出现错误: dial tcp: lookup your_websocket_universal.server: no such host 
[2022-11-25 21:13:11] [WARNING]: 连接到反向WebSocket Universal服务器 ws://your_websocket_universal.server 时出现错误: dial tcp: lookup your_websocket_universal.server: no such host 
[2022-11-25 21:13:14] [WARNING]: 连接到反向WebSocket Universal服务器 ws://your_websocket_universal.server 时出现错误: dial tcp: lookup your_websocket_universal.server: no such host 
[2022-11-25 21:13:17] [WARNING]: 连接到反向WebSocket Universal服务器 ws://your_websocket_universal.server 时出现错误: dial tcp: lookup your_websocket_universal.server: no such host 
[2022-11-25 21:13:20] [WARNING]: 连接到反向WebSocket Universal服务器 ws://your_websocket_universal.server 时出现错误: dial tcp: lookup your_websocket_universal.server: no such host 
[2022-11-25 21:13:23] [WARNING]: 连接到反向WebSocket Universal服务器 ws://your_websocket_universal.server 时出现错误: dial tcp: lookup your_websocket_universal.server: no such host 
[2022-11-25 21:13:26] [WARNING]: 连接到反向WebSocket Universal服务器 ws://your_websocket_universal.server 时出现错误: dial tcp: lookup your_websocket_universal.server: no such host 
[2022-11-25 21:13:29] [WARNING]: 连接到反向WebSocket Universal服务器 ws://your_websocket_universal.server 时出现错误: dial tcp: lookup your_websocket_universal.server: no such host 
[2022-11-25 21:13:32] [WARNING]: 连接到反向WebSocket Universal服务器 ws://your_websocket_universal.server 时出现错误: dial tcp: lookup your_websocket_universal.server: no such host 
[2022-11-25 21:13:35] [WARNING]: 连接到反向WebSocket Universal服务器 ws://your_websocket_universal.server 时出现错误: dial tcp: lookup your_websocket_universal.server: no such host 
[2022-11-25 21:13:38] [WARNING]: 连接到反向WebSocket Universal服务器 ws://your_websocket_universal.server 时出现错误: dial tcp: lookup your_websocket_universal.server: no such host 
[2022-11-25 21:13:41] [WARNING]: 连接到反向WebSocket Universal服务器 ws://your_websocket_universal.server 时出现错误: dial tcp: lookup your_websocket_universal.server: no such host 
[2022-11-25 21:13:44] [WARNING]: 连接到反向WebSocket Universal服务器 ws://your_websocket_universal.server 时出现错误: dial tcp: lookup your_websocket_universal.server: no such host 
[2022-11-25 21:13:52] [WARNING]: 连接到反向WebSocket Universal服务器 ws://your_websocket_universal.server 时出现错误: dial tcp: lookup your_websocket_universal.server: no such host 
[2022-11-25 21:13:55] [WARNING]: 连接到反向WebSocket Universal服务器 ws://your_websocket_universal.server 时出现错误: dial tcp: lookup your_websocket_universal.server: no such host 
[2022-11-25 21:13:58] [WARNING]: 连接到反向WebSocket Universal服务器 ws://your_websocket_universal.server 时出现错误: dial tcp: lookup your_websocket_universal.server: no such host 
[2022-11-25 21:14:01] [WARNING]: 连接到反向WebSocket Universal服务器 ws://your_websocket_universal.server 时出现错误: dial tcp: lookup your_websocket_universal.server: no such host 
[2022-11-25 21:14:05] [WARNING]: 连接到反向WebSocket Universal服务器 ws://your_websocket_universal.server 时出现错误: dial tcp: lookup your_websocket_universal.server: no such host 
[2022-11-25 21:14:08] [WARNING]: 连接到反向WebSocket Universal服务器 ws://your_websocket_universal.server 时出现错误: dial tcp: lookup your_websocket_universal.server: no such host 
[2022-11-25 21:14:11] [WARNING]: 连接到反向WebSocket Universal服务器 ws://your_websocket_universal.server 时出现错误: dial tcp: lookup your_websocket_universal.server: no such host 
[2022-11-25 21:14:14] [WARNING]: 连接到反向WebSocket Universal服务器 ws://your_websocket_universal.server 时出现错误: dial tcp: lookup your_websocket_universal.server: no such host 
[2022-11-25 21:14:22] [WARNING]: 连接到反向WebSocket Universal服务器 ws://your_websocket_universal.server 时出现错误: dial tcp: lookup your_websocket_universal.server: no such host 
[2022-11-25 21:14:25] [WARNING]: 连接到反向WebSocket Universal服务器 ws://your_websocket_universal.server 时出现错误: dial tcp: lookup your_websocket_universal.server: no such host 
[2022-11-25 21:14:29] [WARNING]: 连接到反向WebSocket Universal服务器 ws://your_websocket_universal.server 时出现错误: dial tcp: lookup your_websocket_universal.server: no such host 
[2022-11-25 21:14:32] [WARNING]: 连接到反向WebSocket Universal服务器 ws://your_websocket_universal.server 时出现错误: dial tcp: lookup your_websocket_universal.server: no such host 
[2022-11-25 21:14:35] [WARNING]: 连接到反向WebSocket Universal服务器 ws://your_websocket_universal.server 时出现错误: dial tcp: lookup your_websocket_universal.server: no such host 
[2022-11-25 21:14:38] [WARNING]: 连接到反向WebSocket Universal服务器 ws://your_websocket_universal.server 时出现错误: dial tcp: lookup your_websocket_universal.server: no such host 
[2022-11-25 21:14:41] [WARNING]: 连接到反向WebSocket Universal服务器 ws://your_websocket_universal.server 时出现错误: dial tcp: lookup your_websocket_universal.server: no such host 
[2022-11-25 21:14:44] [WARNING]: 连接到反向WebSocket Universal服务器 ws://your_websocket_universal.server 时出现错误: dial tcp: lookup your_websocket_universal.server: no such host 
[2022-11-25 21:14:47] [WARNING]: 连接到反向WebSocket Universal服务器 ws://your_websocket_universal.server 时出现错误: dial tcp: lookup your_websocket_universal.server: no such host 
[2022-11-25 21:14:50] [WARNING]: 连接到反向WebSocket Universal服务器 ws://your_websocket_universal.server 时出现错误: dial tcp: lookup your_websocket_universal.server: no such host 
[2022-11-25 21:14:53] [WARNING]: 连接到反向WebSocket Universal服务器 ws://your_websocket_universal.server 时出现错误: dial tcp: lookup your_websocket_universal.server: no such host 
[2022-11-25 21:14:56] [WARNING]: 连接到反向WebSocket Universal服务器 ws://your_websocket_universal.server 时出现错误: dial tcp: lookup your_websocket_universal.server: no such host 
[2022-11-25 21:14:59] [WARNING]: 连接到反向WebSocket Universal服务器 ws://your_websocket_universal.server 时出现错误: dial tcp: lookup your_websocket_universal.server: no such host 
[2022-11-25 21:15:02] [WARNING]: 连接到反向WebSocket Universal服务器 ws://your_websocket_universal.server 时出现错误: dial tcp: lookup your_websocket_universal.server: no such host 
[2022-11-25 21:15:05] [WARNING]: 连接到反向WebSocket Universal服务器 ws://your_websocket_universal.server 时出现错误: dial tcp: lookup your_websocket_universal.server: no such host 
[2022-11-25 21:15:08] [WARNING]: 连接到反向WebSocket Universal服务器 ws://your_websocket_universal.server 时出现错误: dial tcp: lookup your_websocket_universal.server: no such host 
[2022-11-25 21:15:11] [WARNING]: 连接到反向WebSocket Universal服务器 ws://your_websocket_universal.server 时出现错误: dial tcp: lookup your_websocket_universal.server: no such host 
[2022-11-25 21:15:14] [WARNING]: 连接到反向WebSocket Universal服务器 ws://your_websocket_universal.server 时出现错误: dial tcp: lookup your_websocket_universal.server: no such host 
[2022-11-25 21:15:17] [WARNING]: 连接到反向WebSocket Universal服务器 ws://your_websocket_universal.server 时出现错误: dial tcp: lookup your_websocket_universal.server: no such host 
[2022-11-25 21:15:20] [WARNING]: 连接到反向WebSocket Universal服务器 ws://your_websocket_universal.server 时出现错误: dial tcp: lookup your_websocket_universal.server: no such host 
[2022-11-25 21:15:23] [WARNING]: 连接到反向WebSocket Universal服务器 ws://your_websocket_universal.server 时出现错误: dial tcp: lookup your_websocket_universal.server: no such host 
[2022-11-25 21:15:26] [WARNING]: 连接到反向WebSocket Universal服务器 ws://your_websocket_universal.server 时出现错误: dial tcp: lookup your_websocket_universal.server: no such host 
[2022-11-25 21:15:29] [WARNING]: 连接到反向WebSocket Universal服务器 ws://your_websocket_universal.server 时出现错误: dial tcp: lookup your_websocket_universal.server: no such host 
[2022-11-25 21:15:32] [WARNING]: 连接到反向WebSocket Universal服务器 ws://your_websocket_universal.server 时出现错误: dial tcp: lookup your_websocket_universal.server: no such host 
[2022-11-25 21:15:35] [WARNING]: 连接到反向WebSocket Universal服务器 ws://your_websocket_universal.server 时出现错误: dial tcp: lookup your_websocket_universal.server: no such host 
[2022-11-25 21:15:38] [WARNING]: 连接到反向WebSocket Universal服务器 ws://your_websocket_universal.server 时出现错误: dial tcp: lookup your_websocket_universal.server: no such host 
[2022-11-25 21:15:41] [WARNING]: 连接到反向WebSocket Universal服务器 ws://your_websocket_universal.server 时出现错误: dial tcp: lookup your_websocket_universal.server: no such host 
[2022-11-25 21:15:44] [WARNING]: 连接到反向WebSocket Universal服务器 ws://your_websocket_universal.server 时出现错误: dial tcp: lookup your_websocket_universal.server: no such host 
[2022-11-25 21:16:32] [WARNING]: Protocol -> device lock is disable. http api may fail. 
[2022-11-25 21:16:34] [WARNING]: lambda 初始化失败: Post "http:///runtime/init/ready": http: no Host in request URL 
[2022-11-25 21:16:34] [WARNING]: 连接到反向WebSocket Universal服务器 ws://your_websocket_universal.server 时出现错误: dial tcp: lookup your_websocket_universal.server: no such host 
[2022-11-25 21:16:37] [WARNING]: 连接到反向WebSocket Universal服务器 ws://your_websocket_universal.server 时出现错误: dial tcp: lookup your_websocket_universal.server: no such host 
[2022-11-25 21:16:40] [WARNING]: 连接到反向WebSocket Universal服务器 ws://your_websocket_universal.server 时出现错误: dial tcp: lookup your_websocket_universal.server: no such host 
[2022-11-25 21:16:43] [WARNING]: 连接到反向WebSocket Universal服务器 ws://your_websocket_universal.server 时出现错误: dial tcp: lookup your_websocket_universal.server: no such host 
[2022-11-25 21:16:46] [WARNING]: 连接到反向WebSocket Universal服务器 ws://your_websocket_universal.server 时出现错误: dial tcp: lookup your_websocket_universal.server: no such host 
[2022-11-25 21:16:49] [WARNING]: 连接到反向WebSocket Universal服务器 ws://your_websocket_universal.server 时出现错误: dial tcp: lookup your_websocket_universal.server: no such host 
[2022-11-25 21:16:52] [WARNING]: 连接到反向WebSocket Universal服务器 ws://your_websocket_universal.server 时出现错误: dial tcp: lookup your_websocket_universal.server: no such host 
[2022-11-25 21:16:55] [WARNING]: 连接到反向WebSocket Universal服务器 ws://your_websocket_universal.server 时出现错误: dial tcp: lookup your_websocket_universal.server: no such host 
[2022-11-25 21:16:58] [WARNING]: 连接到反向WebSocket Universal服务器 ws://your_websocket_universal.server 时出现错误: dial tcp: lookup your_websocket_universal.server: no such host 
[2022-11-25 21:17:01] [WARNING]: 连接到反向WebSocket Universal服务器 ws://your_websocket_universal.server 时出现错误: dial tcp: lookup your_websocket_universal.server: no such host 
[2022-11-25 21:17:04] [WARNING]: 连接到反向WebSocket Universal服务器 ws://your_websocket_universal.server 时出现错误: dial tcp: lookup your_websocket_universal.server: no such host 
[2022-11-25 21:17:07] [WARNING]: 连接到反向WebSocket Universal服务器 ws://your_websocket_universal.server 时出现错误: dial tcp: lookup your_websocket_universal.server: no such host 
[2022-11-25 21:17:10] [WARNING]: 连接到反向WebSocket Universal服务器 ws://your_websocket_universal.server 时出现错误: dial tcp: lookup your_websocket_universal.server: no such host 
[2022-11-25 21:17:13] [WARNING]: 连接到反向WebSocket Universal服务器 ws://your_websocket_universal.server 时出现错误: dial tcp: lookup your_websocket_universal.server: no such host 
[2022-11-25 21:17:16] [WARNING]: 连接到反向WebSocket Universal服务器 ws://your_websocket_universal.server 时出现错误: dial tcp: lookup your_websocket_universal.server: no such host 
[2022-11-25 21:17:19] [WARNING]: 连接到反向WebSocket Universal服务器 ws://your_websocket_universal.server 时出现错误: dial tcp: lookup your_websocket_universal.server: no such host 
[2022-11-25 21:17:22] [WARNING]: 连接到反向WebSocket Universal服务器 ws://your_websocket_universal.server 时出现错误: dial tcp: lookup your_websocket_universal.server: no such host 
[2022-11-25 21:17:25] [WARNING]: 连接到反向WebSocket Universal服务器 ws://your_websocket_universal.server 时出现错误: dial tcp: lookup your_websocket_universal.server: no such host 
[2022-11-25 21:17:28] [WARNING]: 连接到反向WebSocket Universal服务器 ws://your_websocket_universal.server 时出现错误: dial tcp: lookup your_websocket_universal.server: no such host 
[2022-11-25 21:17:31] [WARNING]: 连接到反向WebSocket Universal服务器 ws://your_websocket_universal.server 时出现错误: dial tcp: lookup your_websocket_universal.server: no such host 
[2022-11-25 21:17:40] [WARNING]: 连接到反向WebSocket Universal服务器 ws://your_websocket_universal.server 时出现错误: dial tcp: lookup your_websocket_universal.server: no such host 
[2022-11-25 21:17:49] [WARNING]: 连接到反向WebSocket Universal服务器 ws://your_websocket_universal.server 时出现错误: dial tcp: lookup your_websocket_universal.server: no such host 
[2022-11-25 21:17:52] [WARNING]: 连接到反向WebSocket Universal服务器 ws://your_websocket_universal.server 时出现错误: dial tcp: lookup your_websocket_universal.server: no such host 
[2022-11-25 21:17:55] [WARNING]: 连接到反向WebSocket Universal服务器 ws://your_websocket_universal.server 时出现错误: dial tcp: lookup your_websocket_universal.server: no such host 
[2022-11-25 21:17:58] [WARNING]: 连接到反向WebSocket Universal服务器 ws://your_websocket_universal.server 时出现错误: dial tcp: lookup your_websocket_universal.server: no such host 
[2022-11-25 21:18:01] [WARNING]: 连接到反向WebSocket Universal服务器 ws://your_websocket_universal.server 时出现错误: dial tcp: lookup your_websocket_universal.server: no such host 
[2022-11-25 21:18:04] [WARNING]: 连接到反向WebSocket Universal服务器 ws://your_websocket_universal.server 时出现错误: dial tcp: lookup your_websocket_universal.server: no such host 
[2022-11-25 21:18:07] [WARNING]: 连接到反向WebSocket Universal服务器 ws://your_websocket_universal.server 时出现错误: dial tcp: lookup your_websocket_universal.server: no such host 
[2022-11-25 21:18:10] [WARNING]: 连接到反向WebSocket Universal服务器 ws://your_websocket_universal.server 时出现错误: dial tcp: lookup your_websocket_universal.server: no such host 
[2022-11-25 21:18:13] [WARNING]: 连接到反向WebSocket Universal服务器 ws://your_websocket_universal.server 时出现错误: dial tcp: lookup your_websocket_universal.server: no such host 
[2022-11-25 21:18:16] [WARNING]: 连接到反向WebSocket Universal服务器 ws://your_websocket_universal.server 时出现错误: dial tcp: lookup your_websocket_universal.server: no such host 
[2022-11-25 21:18:19] [WARNING]: 连接到反向WebSocket Universal服务器 ws://your_websocket_universal.server 时出现错误: dial tcp: lookup your_websocket_universal.server: no such host 
[2022-11-25 21:18:22] [WARNING]: 连接到反向WebSocket Universal服务器 ws://your_websocket_universal.server 时出现错误: dial tcp: lookup your_websocket_universal.server: no such host 
[2022-11-25 21:18:25] [WARNING]: 连接到反向WebSocket Universal服务器 ws://your_websocket_universal.server 时出现错误: dial tcp: lookup your_websocket_universal.server: no such host 
[2022-11-25 21:18:28] [WARNING]: 连接到反向WebSocket Universal服务器 ws://your_websocket_universal.server 时出现错误: dial tcp: lookup your_websocket_universal.server: no such host 
[2022-11-25 21:18:31] [WARNING]: 连接到反向WebSocket Universal服务器 ws://your_websocket_universal.server 时出现错误: dial tcp: lookup your_websocket_universal.server: no such host 
[2022-11-25 21:18:34] [WARNING]: 连接到反向WebSocket Universal服务器 ws://your_websocket_universal.server 时出现错误: dial tcp: lookup your_websocket_universal.server: no such host 
[2022-11-25 21:18:42] [WARNING]: 连接到反向WebSocket Universal服务器 ws://your_websocket_universal.server 时出现错误: dial tcp: lookup your_websocket_universal.server: no such host 
[2022-11-25 21:18:45] [WARNING]: 连接到反向WebSocket Universal服务器 ws://your_websocket_universal.server 时出现错误: dial tcp: lookup your_websocket_universal.server: no such host 
[2022-11-25 21:18:48] [WARNING]: 连接到反向WebSocket Universal服务器 ws://your_websocket_universal.server 时出现错误: dial tcp: lookup your_websocket_universal.server: no such host 
[2022-11-25 21:18:51] [WARNING]: 连接到反向WebSocket Universal服务器 ws://your_websocket_universal.server 时出现错误: dial tcp: lookup your_websocket_universal.server: no such host 
[2022-11-25 21:18:54] [WARNING]: 连接到反向WebSocket Universal服务器 ws://your_websocket_universal.server 时出现错误: dial tcp: lookup your_websocket_universal.server: no such host 
[2022-11-25 21:18:57] [WARNING]: 连接到反向WebSocket Universal服务器 ws://your_websocket_universal.server 时出现错误: dial tcp: lookup your_websocket_universal.server: no such host 
[2022-11-25 21:19:00] [WARNING]: 连接到反向WebSocket Universal服务器 ws://your_websocket_universal.server 时出现错误: dial tcp: lookup your_websocket_universal.server: no such host 
[2022-11-25 21:19:03] [WARNING]: 连接到反向WebSocket Universal服务器 ws://your_websocket_universal.server 时出现错误: dial tcp: lookup your_websocket_universal.server: no such host 
[2022-11-25 21:19:06] [WARNING]: 连接到反向WebSocket Universal服务器 ws://your_websocket_universal.server 时出现错误: dial tcp: lookup your_websocket_universal.server: no such host 
[2022-11-25 21:19:09] [WARNING]: 连接到反向WebSocket Universal服务器 ws://your_websocket_universal.server 时出现错误: dial tcp: lookup your_websocket_universal.server: no such host 
[2022-11-25 21:19:12] [WARNING]: 连接到反向WebSocket Universal服务器 ws://your_websocket_universal.server 时出现错误: dial tcp: lookup your_websocket_universal.server: no such host 
[2022-11-25 21:19:15] [WARNING]: 连接到反向WebSocket Universal服务器 ws://your_websocket_universal.server 时出现错误: dial tcp: lookup your_websocket_universal.server: no such host 
[2022-11-25 21:19:18] [WARNING]: 连接到反向WebSocket Universal服务器 ws://your_websocket_universal.server 时出现错误: dial tcp: lookup your_websocket_universal.server: no such host 
[2022-11-25 21:19:21] [WARNING]: 连接到反向WebSocket Universal服务器 ws://your_websocket_universal.server 时出现错误: dial tcp: lookup your_websocket_universal.server: no such host 
[2022-11-25 21:19:24] [WARNING]: 连接到反向WebSocket Universal服务器 ws://your_websocket_universal.server 时出现错误: dial tcp: lookup your_websocket_universal.server: no such host 
[2022-11-25 21:19:27] [WARNING]: 连接到反向WebSocket Universal服务器 ws://your_websocket_universal.server 时出现错误: dial tcp: lookup your_websocket_universal.server: no such host 
[2022-11-25 21:19:35] [WARNING]: 连接到反向WebSocket Universal服务器 ws://your_websocket_universal.server 时出现错误: dial tcp: lookup your_websocket_universal.server: no such host 
[2022-11-25 21:19:38] [WARNING]: 连接到反向WebSocket Universal服务器 ws://your_websocket_universal.server 时出现错误: dial tcp: lookup your_websocket_universal.server: no such host 
[2022-11-25 21:19:41] [WARNING]: 连接到反向WebSocket Universal服务器 ws://your_websocket_universal.server 时出现错误: dial tcp: lookup your_websocket_universal.server: no such host 
[2022-11-25 21:19:44] [WARNING]: 连接到反向WebSocket Universal服务器 ws://your_websocket_universal.server 时出现错误: dial tcp: lookup your_websocket_universal.server: no such host 
[2022-11-25 21:19:47] [WARNING]: 连接到反向WebSocket Universal服务器 ws://your_websocket_universal.server 时出现错误: dial tcp: lookup your_websocket_universal.server: no such host 
[2022-11-25 21:19:50] [WARNING]: 连接到反向WebSocket Universal服务器 ws://your_websocket_universal.server 时出现错误: dial tcp: lookup your_websocket_universal.server: no such host 
[2022-11-25 21:19:53] [WARNING]: 连接到反向WebSocket Universal服务器 ws://your_websocket_universal.server 时出现错误: dial tcp: lookup your_websocket_universal.server: no such host 
[2022-11-25 21:19:56] [WARNING]: 连接到反向WebSocket Universal服务器 ws://your_websocket_universal.server 时出现错误: dial tcp: lookup your_websocket_universal.server: no such host 
[2022-11-25 21:19:59] [WARNING]: 连接到反向WebSocket Universal服务器 ws://your_websocket_universal.server 时出现错误: dial tcp: lookup your_websocket_universal.server: no such host 
[2022-11-25 21:20:02] [WARNING]: 连接到反向WebSocket Universal服务器 ws://your_websocket_universal.server 时出现错误: dial tcp: lookup your_websocket_universal.server: no such host 
[2022-11-25 21:20:05] [WARNING]: 连接到反向WebSocket Universal服务器 ws://your_websocket_universal.server 时出现错误: dial tcp: lookup your_websocket_universal.server: no such host 
[2022-11-25 21:20:08] [WARNING]: 连接到反向WebSocket Universal服务器 ws://your_websocket_universal.server 时出现错误: dial tcp: lookup your_websocket_universal.server: no such host 
[2022-11-25 21:20:11] [WARNING]: 连接到反向WebSocket Universal服务器 ws://your_websocket_universal.server 时出现错误: dial tcp: lookup your_websocket_universal.server: no such host 
[2022-11-25 21:20:14] [WARNING]: 连接到反向WebSocket Universal服务器 ws://your_websocket_universal.server 时出现错误: dial tcp: lookup your_websocket_universal.server: no such host 
[2022-11-25 21:20:17] [WARNING]: 连接到反向WebSocket Universal服务器 ws://your_websocket_universal.server 时出现错误: dial tcp: lookup your_websocket_universal.server: no such host 
[2022-11-25 21:20:20] [WARNING]: 连接到反向WebSocket Universal服务器 ws://your_websocket_universal.server 时出现错误: dial tcp: lookup your_websocket_universal.server: no such host 
[2022-11-25 21:20:23] [WARNING]: 连接到反向WebSocket Universal服务器 ws://your_websocket_universal.server 时出现错误: dial tcp: lookup your_websocket_universal.server: no such host 
[2022-11-25 21:20:26] [WARNING]: 连接到反向WebSocket Universal服务器 ws://your_websocket_universal.server 时出现错误: dial tcp: lookup your_websocket_universal.server: no such host 
[2022-11-25 21:20:29] [WARNING]: 连接到反向WebSocket Universal服务器 ws://your_websocket_universal.server 时出现错误: dial tcp: lookup your_websocket_universal.server: no such host 
[2022-11-25 21:20:32] [WARNING]: 连接到反向WebSocket Universal服务器 ws://your_websocket_universal.server 时出现错误: dial tcp: lookup your_websocket_universal.server: no such host 
[2022-11-25 21:20:35] [WARNING]: 连接到反向WebSocket Universal服务器 ws://your_websocket_universal.server 时出现错误: dial tcp: lookup your_websocket_universal.server: no such host 
[2022-11-25 21:20:38] [WARNING]: 连接到反向WebSocket Universal服务器 ws://your_websocket_universal.server 时出现错误: dial tcp: lookup your_websocket_universal.server: no such host 
[2022-11-25 21:20:41] [WARNING]: 连接到反向WebSocket Universal服务器 ws://your_websocket_universal.server 时出现错误: dial tcp: lookup your_websocket_universal.server: no such host 
[2022-11-25 21:20:44] [WARNING]: 连接到反向WebSocket Universal服务器 ws://your_websocket_universal.server 时出现错误: dial tcp: lookup your_websocket_universal.server: no such host 
[2022-11-25 21:20:47] [WARNING]: 连接到反向WebSocket Universal服务器 ws://your_websocket_universal.server 时出现错误: dial tcp: lookup your_websocket_universal.server: no such host 
[2022-11-25 21:20:50] [WARNING]: 连接到反向WebSocket Universal服务器 ws://your_websocket_universal.server 时出现错误: dial tcp: lookup your_websocket_universal.server: no such host 
[2022-11-25 21:20:53] [WARNING]: 连接到反向WebSocket Universal服务器 ws://your_websocket_universal.server 时出现错误: dial tcp: lookup your_websocket_universal.server: no such host 
[2022-11-25 21:20:56] [WARNING]: 连接到反向WebSocket Universal服务器 ws://your_websocket_universal.server 时出现错误: dial tcp: lookup your_websocket_universal.server: no such host 
[2022-11-25 21:21:04] [WARNING]: 连接到反向WebSocket Universal服务器 ws://your_websocket_universal.server 时出现错误: dial tcp: lookup your_websocket_universal.server: no such host 
[2022-11-25 21:21:07] [WARNING]: 连接到反向WebSocket Universal服务器 ws://your_websocket_universal.server 时出现错误: dial tcp: lookup your_websocket_universal.server: no such host 
[2022-11-25 21:21:11] [WARNING]: 连接到反向WebSocket Universal服务器 ws://your_websocket_universal.server 时出现错误: dial tcp: lookup your_websocket_universal.server: no such host 
[2022-11-25 21:21:14] [WARNING]: 连接到反向WebSocket Universal服务器 ws://your_websocket_universal.server 时出现错误: dial tcp: lookup your_websocket_universal.server: no such host 
[2022-11-25 21:21:17] [WARNING]: 连接到反向WebSocket Universal服务器 ws://your_websocket_universal.server 时出现错误: dial tcp: lookup your_websocket_universal.server: no such host 
[2022-11-25 21:21:20] [WARNING]: 连接到反向WebSocket Universal服务器 ws://your_websocket_universal.server 时出现错误: dial tcp: lookup your_websocket_universal.server: no such host 
[2022-11-25 21:21:23] [WARNING]: 连接到反向WebSocket Universal服务器 ws://your_websocket_universal.server 时出现错误: dial tcp: lookup your_websocket_universal.server: no such host 
[2022-11-25 21:21:26] [WARNING]: 连接到反向WebSocket Universal服务器 ws://your_websocket_universal.server 时出现错误: dial tcp: lookup your_websocket_universal.server: no such host 
[2022-11-25 21:21:29] [WARNING]: 连接到反向WebSocket Universal服务器 ws://your_websocket_universal.server 时出现错误: dial tcp: lookup your_websocket_universal.server: no such host 
[2022-11-25 21:21:32] [WARNING]: 连接到反向WebSocket Universal服务器 ws://your_websocket_universal.server 时出现错误: dial tcp: lookup your_websocket_universal.server: no such host 
[2022-11-25 21:21:35] [WARNING]: 连接到反向WebSocket Universal服务器 ws://your_websocket_universal.server 时出现错误: dial tcp: lookup your_websocket_universal.server: no such host 
[2022-11-25 21:21:38] [WARNING]: 连接到反向WebSocket Universal服务器 ws://your_websocket_universal.server 时出现错误: dial tcp: lookup your_websocket_universal.server: no such host 
[2022-11-25 21:21:41] [WARNING]: 连接到反向WebSocket Universal服务器 ws://your_websocket_universal.server 时出现错误: dial tcp: lookup your_websocket_universal.server: no such host 
[2022-11-25 21:21:44] [WARNING]: 连接到反向WebSocket Universal服务器 ws://your_websocket_universal.server 时出现错误: dial tcp: lookup your_websocket_universal.server: no such host 
[2022-11-25 21:21:52] [WARNING]: 连接到反向WebSocket Universal服务器 ws://your_websocket_universal.server 时出现错误: dial tcp: lookup your_websocket_universal.server: no such host 
[2022-11-25 21:21:55] [WARNING]: 连接到反向WebSocket Universal服务器 ws://your_websocket_universal.server 时出现错误: dial tcp: lookup your_websocket_universal.server: no such host 
[2022-11-25 21:21:58] [WARNING]: 连接到反向WebSocket Universal服务器 ws://your_websocket_universal.server 时出现错误: dial tcp: lookup your_websocket_universal.server: no such host 
[2022-11-25 21:22:01] [WARNING]: 连接到反向WebSocket Universal服务器 ws://your_websocket_universal.server 时出现错误: dial tcp: lookup your_websocket_universal.server: no such host 
[2022-11-25 21:22:04] [WARNING]: 连接到反向WebSocket Universal服务器 ws://your_websocket_universal.server 时出现错误: dial tcp: lookup your_websocket_universal.server: no such host 
[2022-11-25 21:22:07] [WARNING]: 连接到反向WebSocket Universal服务器 ws://your_websocket_universal.server 时出现错误: dial tcp: lookup your_websocket_universal.server: no such host 
[2022-11-25 21:22:10] [WARNING]: 连接到反向WebSocket Universal服务器 ws://your_websocket_universal.server 时出现错误: dial tcp: lookup your_websocket_universal.server: no such host 
[2022-11-25 21:22:13] [WARNING]: 连接到反向WebSocket Universal服务器 ws://your_websocket_universal.server 时出现错误: dial tcp: lookup your_websocket_universal.server: no such host 
[2022-11-25 21:22:16] [WARNING]: 连接到反向WebSocket Universal服务器 ws://your_websocket_universal.server 时出现错误: dial tcp: lookup your_websocket_universal.server: no such host 
[2022-11-25 21:22:19] [WARNING]: 连接到反向WebSocket Universal服务器 ws://your_websocket_universal.server 时出现错误: dial tcp: lookup your_websocket_universal.server: no such host 
[2022-11-25 21:22:22] [WARNING]: 连接到反向WebSocket Universal服务器 ws://your_websocket_universal.server 时出现错误: dial tcp: lookup your_websocket_universal.server: no such host 
[2022-11-25 21:22:25] [WARNING]: 连接到反向WebSocket Universal服务器 ws://your_websocket_universal.server 时出现错误: dial tcp: lookup your_websocket_universal.server: no such host 
[2022-11-25 21:22:28] [WARNING]: 连接到反向WebSocket Universal服务器 ws://your_websocket_universal.server 时出现错误: dial tcp: lookup your_websocket_universal.server: no such host 
[2022-11-25 21:22:31] [WARNING]: 连接到反向WebSocket Universal服务器 ws://your_websocket_universal.server 时出现错误: dial tcp: lookup your_websocket_universal.server: no such host 
[2022-11-25 21:22:34] [WARNING]: 连接到反向WebSocket Universal服务器 ws://your_websocket_universal.server 时出现错误: dial tcp: lookup your_websocket_universal.server: no such host 
[2022-11-25 21:22:37] [WARNING]: 连接到反向WebSocket Universal服务器 ws://your_websocket_universal.server 时出现错误: dial tcp: lookup your_websocket_universal.server: no such host 
[2022-11-25 21:22:40] [WARNING]: 连接到反向WebSocket Universal服务器 ws://your_websocket_universal.server 时出现错误: dial tcp: lookup your_websocket_universal.server: no such host 
[2022-11-25 21:22:43] [WARNING]: 连接到反向WebSocket Universal服务器 ws://your_websocket_universal.server 时出现错误: dial tcp: lookup your_websocket_universal.server: no such host 
[2022-11-25 21:22:46] [WARNING]: 连接到反向WebSocket Universal服务器 ws://your_websocket_universal.server 时出现错误: dial tcp: lookup your_websocket_universal.server: no such host 
[2022-11-25 21:22:49] [WARNING]: 连接到反向WebSocket Universal服务器 ws://your_websocket_universal.server 时出现错误: dial tcp: lookup your_websocket_universal.server: no such host 
[2022-11-25 21:22:52] [WARNING]: 连接到反向WebSocket Universal服务器 ws://your_websocket_universal.server 时出现错误: dial tcp: lookup your_websocket_universal.server: no such host 
[2022-11-25 21:22:55] [WARNING]: 连接到反向WebSocket Universal服务器 ws://your_websocket_universal.server 时出现错误: dial tcp: lookup your_websocket_universal.server: no such host 
[2022-11-25 21:22:58] [WARNING]: 连接到反向WebSocket Universal服务器 ws://your_websocket_universal.server 时出现错误: dial tcp: lookup your_websocket_universal.server: no such host 
[2022-11-25 21:23:01] [WARNING]: 连接到反向WebSocket Universal服务器 ws://your_websocket_universal.server 时出现错误: dial tcp: lookup your_websocket_universal.server: no such host 
[2022-11-25 21:23:04] [WARNING]: 连接到反向WebSocket Universal服务器 ws://your_websocket_universal.server 时出现错误: dial tcp: lookup your_websocket_universal.server: no such host 
[2022-11-25 21:23:07] [WARNING]: 连接到反向WebSocket Universal服务器 ws://your_websocket_universal.server 时出现错误: dial tcp: lookup your_websocket_universal.server: no such host 
[2022-11-25 21:23:10] [WARNING]: 连接到反向WebSocket Universal服务器 ws://your_websocket_universal.server 时出现错误: dial tcp: lookup your_websocket_universal.server: no such host 
[2022-11-25 21:23:13] [WARNING]: 连接到反向WebSocket Universal服务器 ws://your_websocket_universal.server 时出现错误: dial tcp: lookup your_websocket_universal.server: no such host 
[2022-11-25 21:23:21] [WARNING]: 连接到反向WebSocket Universal服务器 ws://your_websocket_universal.server 时出现错误: dial tcp: lookup your_websocket_universal.server: no such host 
[2022-11-25 21:23:24] [WARNING]: 连接到反向WebSocket Universal服务器 ws://your_websocket_universal.server 时出现错误: dial tcp: lookup your_websocket_universal.server: no such host 
[2022-11-25 21:23:27] [WARNING]: 连接到反向WebSocket Universal服务器 ws://your_websocket_universal.server 时出现错误: dial tcp: lookup your_websocket_universal.server: no such host 
[2022-11-25 21:23:30] [WARNING]: 连接到反向WebSocket Universal服务器 ws://your_websocket_universal.server 时出现错误: dial tcp: lookup your_websocket_universal.server: no such host 
[2022-11-25 21:23:33] [WARNING]: 连接到反向WebSocket Universal服务器 ws://your_websocket_universal.server 时出现错误: dial tcp: lookup your_websocket_universal.server: no such host 
[2022-11-25 21:23:36] [WARNING]: 连接到反向WebSocket Universal服务器 ws://your_websocket_universal.server 时出现错误: dial tcp: lookup your_websocket_universal.server: no such host 
[2022-11-25 21:23:39] [WARNING]: 连接到反向WebSocket Universal服务器 ws://your_websocket_universal.server 时出现错误: dial tcp: lookup your_websocket_universal.server: no such host 
[2022-11-25 21:23:42] [WARNING]: 连接到反向WebSocket Universal服务器 ws://your_websocket_universal.server 时出现错误: dial tcp: lookup your_websocket_universal.server: no such host 
[2022-11-25 21:23:45] [WARNING]: 连接到反向WebSocket Universal服务器 ws://your_websocket_universal.server 时出现错误: dial tcp: lookup your_websocket_universal.server: no such host 
[2022-11-25 21:23:48] [WARNING]: 连接到反向WebSocket Universal服务器 ws://your_websocket_universal.server 时出现错误: dial tcp: lookup your_websocket_universal.server: no such host 
[2022-11-25 21:23:51] [WARNING]: 连接到反向WebSocket Universal服务器 ws://your_websocket_universal.server 时出现错误: dial tcp: lookup your_websocket_universal.server: no such host 
[2022-11-25 21:23:54] [WARNING]: 连接到反向WebSocket Universal服务器 ws://your_websocket_universal.server 时出现错误: dial tcp: lookup your_websocket_universal.server: no such host 
[2022-11-25 21:23:57] [WARNING]: 连接到反向WebSocket Universal服务器 ws://your_websocket_universal.server 时出现错误: dial tcp: lookup your_websocket_universal.server: no such host 
[2022-11-25 21:24:00] [WARNING]: 连接到反向WebSocket Universal服务器 ws://your_websocket_universal.server 时出现错误: dial tcp: lookup your_websocket_universal.server: no such host 
[2022-11-25 21:24:03] [WARNING]: 连接到反向WebSocket Universal服务器 ws://your_websocket_universal.server 时出现错误: dial tcp: lookup your_websocket_universal.server: no such host 
[2022-11-25 21:24:06] [WARNING]: 连接到反向WebSocket Universal服务器 ws://your_websocket_universal.server 时出现错误: dial tcp: lookup your_websocket_universal.server: no such host 
[2022-11-25 21:24:09] [WARNING]: 连接到反向WebSocket Universal服务器 ws://your_websocket_universal.server 时出现错误: dial tcp: lookup your_websocket_universal.server: no such host 
[2022-11-25 21:24:12] [WARNING]: 连接到反向WebSocket Universal服务器 ws://your_websocket_universal.server 时出现错误: dial tcp: lookup your_websocket_universal.server: no such host 
[2022-11-25 21:24:15] [WARNING]: 连接到反向WebSocket Universal服务器 ws://your_websocket_universal.server 时出现错误: dial tcp: lookup your_websocket_universal.server: no such host 
[2022-11-25 21:24:18] [WARNING]: 连接到反向WebSocket Universal服务器 ws://your_websocket_universal.server 时出现错误: dial tcp: lookup your_websocket_universal.server: no such host 
[2022-11-25 21:24:21] [WARNING]: 连接到反向WebSocket Universal服务器 ws://your_websocket_universal.server 时出现错误: dial tcp: lookup your_websocket_universal.server: no such host 
[2022-11-25 21:24:24] [WARNING]: 连接到反向WebSocket Universal服务器 ws://your_websocket_universal.server 时出现错误: dial tcp: lookup your_websocket_universal.server: no such host 
[2022-11-25 21:24:27] [WARNING]: 连接到反向WebSocket Universal服务器 ws://your_websocket_universal.server 时出现错误: dial tcp: lookup your_websocket_universal.server: no such host 
[2022-11-25 21:24:30] [WARNING]: 连接到反向WebSocket Universal服务器 ws://your_websocket_universal.server 时出现错误: dial tcp: lookup your_websocket_universal.server: no such host 
[2022-11-25 21:24:33] [WARNING]: 连接到反向WebSocket Universal服务器 ws://your_websocket_universal.server 时出现错误: dial tcp: lookup your_websocket_universal.server: no such host 
[2022-11-25 21:24:36] [WARNING]: 连接到反向WebSocket Universal服务器 ws://your_websocket_universal.server 时出现错误: dial tcp: lookup your_websocket_universal.server: no such host 
[2022-11-25 21:24:39] [WARNING]: 连接到反向WebSocket Universal服务器 ws://your_websocket_universal.server 时出现错误: dial tcp: lookup your_websocket_universal.server: no such host 
[2022-11-25 21:24:42] [WARNING]: 连接到反向WebSocket Universal服务器 ws://your_websocket_universal.server 时出现错误: dial tcp: lookup your_websocket_universal.server: no such host 
[2022-11-25 21:24:46] [WARNING]: 连接到反向WebSocket Universal服务器 ws://your_websocket_universal.server 时出现错误: dial tcp: lookup your_websocket_universal.server: no such host 
[2022-11-25 21:24:49] [WARNING]: 连接到反向WebSocket Universal服务器 ws://your_websocket_universal.server 时出现错误: dial tcp: lookup your_websocket_universal.server: no such host 
[2022-11-25 21:24:52] [WARNING]: 连接到反向WebSocket Universal服务器 ws://your_websocket_universal.server 时出现错误: dial tcp: lookup your_websocket_universal.server: no such host 
[2022-11-25 21:24:55] [WARNING]: 连接到反向WebSocket Universal服务器 ws://your_websocket_universal.server 时出现错误: dial tcp: lookup your_websocket_universal.server: no such host 
[2022-11-25 21:25:04] [WARNING]: 连接到反向WebSocket Universal服务器 ws://your_websocket_universal.server 时出现错误: dial tcp: lookup your_websocket_universal.server: no such host 
[2022-11-25 21:25:07] [WARNING]: 连接到反向WebSocket Universal服务器 ws://your_websocket_universal.server 时出现错误: dial tcp: lookup your_websocket_universal.server: no such host 
[2022-11-25 21:25:10] [WARNING]: 连接到反向WebSocket Universal服务器 ws://your_websocket_universal.server 时出现错误: dial tcp: lookup your_websocket_universal.server: no such host 
[2022-11-25 21:25:13] [WARNING]: 连接到反向WebSocket Universal服务器 ws://your_websocket_universal.server 时出现错误: dial tcp: lookup your_websocket_universal.server: no such host 
[2022-11-25 21:25:16] [WARNING]: 连接到反向WebSocket Universal服务器 ws://your_websocket_universal.server 时出现错误: dial tcp: lookup your_websocket_universal.server: no such host 
[2022-11-25 21:25:19] [WARNING]: 连接到反向WebSocket Universal服务器 ws://your_websocket_universal.server 时出现错误: dial tcp: lookup your_websocket_universal.server: no such host 
[2022-11-25 21:25:22] [WARNING]: 连接到反向WebSocket Universal服务器 ws://your_websocket_universal.server 时出现错误: dial tcp: lookup your_websocket_universal.server: no such host 
[2022-11-25 21:25:25] [WARNING]: 连接到反向WebSocket Universal服务器 ws://your_websocket_universal.server 时出现错误: dial tcp: lookup your_websocket_universal.server: no such host 
[2022-11-25 21:25:28] [WARNING]: 连接到反向WebSocket Universal服务器 ws://your_websocket_universal.server 时出现错误: dial tcp: lookup your_websocket_universal.server: no such host 
[2022-11-25 21:25:31] [WARNING]: 连接到反向WebSocket Universal服务器 ws://your_websocket_universal.server 时出现错误: dial tcp: lookup your_websocket_universal.server: no such host 
[2022-11-25 21:25:34] [WARNING]: 连接到反向WebSocket Universal服务器 ws://your_websocket_universal.server 时出现错误: dial tcp: lookup your_websocket_universal.server: no such host 
[2022-11-25 21:25:37] [WARNING]: 连接到反向WebSocket Universal服务器 ws://your_websocket_universal.server 时出现错误: dial tcp: lookup your_websocket_universal.server: no such host 
[2022-11-25 21:25:40] [WARNING]: 连接到反向WebSocket Universal服务器 ws://your_websocket_universal.server 时出现错误: dial tcp: lookup your_websocket_universal.server: no such host 
[2022-11-25 21:25:43] [WARNING]: 连接到反向WebSocket Universal服务器 ws://your_websocket_universal.server 时出现错误: dial tcp: lookup your_websocket_universal.server: no such host 
[2022-11-25 21:25:46] [WARNING]: 连接到反向WebSocket Universal服务器 ws://your_websocket_universal.server 时出现错误: dial tcp: lookup your_websocket_universal.server: no such host 
[2022-11-25 21:25:49] [WARNING]: 连接到反向WebSocket Universal服务器 ws://your_websocket_universal.server 时出现错误: dial tcp: lookup your_websocket_universal.server: no such host 
[2022-11-25 21:25:57] [WARNING]: 连接到反向WebSocket Universal服务器 ws://your_websocket_universal.server 时出现错误: dial tcp: lookup your_websocket_universal.server: no such host 
[2022-11-25 21:26:00] [WARNING]: 连接到反向WebSocket Universal服务器 ws://your_websocket_universal.server 时出现错误: dial tcp: lookup your_websocket_universal.server: no such host 
[2022-11-25 21:26:09] [WARNING]: 连接到反向WebSocket Universal服务器 ws://your_websocket_universal.server 时出现错误: dial tcp: lookup your_websocket_universal.server: no such host 
[2022-11-25 21:26:12] [WARNING]: 连接到反向WebSocket Universal服务器 ws://your_websocket_universal.server 时出现错误: dial tcp: lookup your_websocket_universal.server: no such host 
[2022-11-25 21:26:15] [WARNING]: 连接到反向WebSocket Universal服务器 ws://your_websocket_universal.server 时出现错误: dial tcp: lookup your_websocket_universal.server: no such host 
[2022-11-25 21:26:18] [WARNING]: 连接到反向WebSocket Universal服务器 ws://your_websocket_universal.server 时出现错误: dial tcp: lookup your_websocket_universal.server: no such host 
[2022-11-25 21:26:32] [WARNING]: 连接到反向WebSocket Universal服务器 ws://your_websocket_universal.server 时出现错误: dial tcp: lookup your_websocket_universal.server: no such host 
[2022-11-25 21:26:35] [WARNING]: 连接到反向WebSocket Universal服务器 ws://your_websocket_universal.server 时出现错误: dial tcp: lookup your_websocket_universal.server: no such host 
[2022-11-25 21:26:38] [WARNING]: 连接到反向WebSocket Universal服务器 ws://your_websocket_universal.server 时出现错误: dial tcp: lookup your_websocket_universal.server: no such host 
[2022-11-25 21:26:41] [WARNING]: 连接到反向WebSocket Universal服务器 ws://your_websocket_universal.server 时出现错误: dial tcp: lookup your_websocket_universal.server: no such host 
[2022-11-25 21:26:50] [WARNING]: 连接到反向WebSocket Universal服务器 ws://your_websocket_universal.server 时出现错误: dial tcp: lookup your_websocket_universal.server: no such host 
[2022-11-25 21:26:53] [WARNING]: 连接到反向WebSocket Universal服务器 ws://your_websocket_universal.server 时出现错误: dial tcp: lookup your_websocket_universal.server: no such host 
[2022-11-25 21:26:56] [WARNING]: 连接到反向WebSocket Universal服务器 ws://your_websocket_universal.server 时出现错误: dial tcp: lookup your_websocket_universal.server: no such host 
[2022-11-25 21:26:59] [WARNING]: 连接到反向WebSocket Universal服务器 ws://your_websocket_universal.server 时出现错误: dial tcp: lookup your_websocket_universal.server: no such host 
[2022-11-25 21:27:02] [WARNING]: 连接到反向WebSocket Universal服务器 ws://your_websocket_universal.server 时出现错误: dial tcp: lookup your_websocket_universal.server: no such host 
[2022-11-25 21:27:05] [WARNING]: 连接到反向WebSocket Universal服务器 ws://your_websocket_universal.server 时出现错误: dial tcp: lookup your_websocket_universal.server: no such host 
[2022-11-25 21:27:08] [WARNING]: 连接到反向WebSocket Universal服务器 ws://your_websocket_universal.server 时出现错误: dial tcp: lookup your_websocket_universal.server: no such host 
[2022-11-25 21:27:11] [WARNING]: 连接到反向WebSocket Universal服务器 ws://your_websocket_universal.server 时出现错误: dial tcp: lookup your_websocket_universal.server: no such host 
[2022-11-25 21:27:14] [WARNING]: 连接到反向WebSocket Universal服务器 ws://your_websocket_universal.server 时出现错误: dial tcp: lookup your_websocket_universal.server: no such host 
[2022-11-25 21:27:17] [WARNING]: 连接到反向WebSocket Universal服务器 ws://your_websocket_universal.server 时出现错误: dial tcp: lookup your_websocket_universal.server: no such host 
[2022-11-25 21:27:20] [WARNING]: 连接到反向WebSocket Universal服务器 ws://your_websocket_universal.server 时出现错误: dial tcp: lookup your_websocket_universal.server: no such host 
[2022-11-25 21:27:23] [WARNING]: 连接到反向WebSocket Universal服务器 ws://your_websocket_universal.server 时出现错误: dial tcp: lookup your_websocket_universal.server: no such host 
[2022-11-25 21:27:32] [WARNING]: 连接到反向WebSocket Universal服务器 ws://your_websocket_universal.server 时出现错误: dial tcp: lookup your_websocket_universal.server: no such host 
[2022-11-25 21:27:40] [WARNING]: 连接到反向WebSocket Universal服务器 ws://your_websocket_universal.server 时出现错误: dial tcp: lookup your_websocket_universal.server: no such host 
[2022-11-25 21:27:43] [WARNING]: 连接到反向WebSocket Universal服务器 ws://your_websocket_universal.server 时出现错误: dial tcp: lookup your_websocket_universal.server: no such host 
[2022-11-25 21:27:46] [WARNING]: 连接到反向WebSocket Universal服务器 ws://your_websocket_universal.server 时出现错误: dial tcp: lookup your_websocket_universal.server: no such host 
[2022-11-25 21:27:49] [WARNING]: 连接到反向WebSocket Universal服务器 ws://your_websocket_universal.server 时出现错误: dial tcp: lookup your_websocket_universal.server: no such host 
[2022-11-25 21:27:52] [WARNING]: 连接到反向WebSocket Universal服务器 ws://your_websocket_universal.server 时出现错误: dial tcp: lookup your_websocket_universal.server: no such host 
[2022-11-25 21:27:55] [WARNING]: 连接到反向WebSocket Universal服务器 ws://your_websocket_universal.server 时出现错误: dial tcp: lookup your_websocket_universal.server: no such host 
[2022-11-25 21:27:58] [WARNING]: 连接到反向WebSocket Universal服务器 ws://your_websocket_universal.server 时出现错误: dial tcp: lookup your_websocket_universal.server: no such host 
[2022-11-25 21:28:01] [WARNING]: 连接到反向WebSocket Universal服务器 ws://your_websocket_universal.server 时出现错误: dial tcp: lookup your_websocket_universal.server: no such host 
[2022-11-25 21:28:04] [WARNING]: 连接到反向WebSocket Universal服务器 ws://your_websocket_universal.server 时出现错误: dial tcp: lookup your_websocket_universal.server: no such host 
[2022-11-25 21:28:07] [WARNING]: 连接到反向WebSocket Universal服务器 ws://your_websocket_universal.server 时出现错误: dial tcp: lookup your_websocket_universal.server: no such host 
[2022-11-25 21:28:10] [WARNING]: 连接到反向WebSocket Universal服务器 ws://your_websocket_universal.server 时出现错误: dial tcp: lookup your_websocket_universal.server: no such host 
[2022-11-25 21:28:13] [WARNING]: 连接到反向WebSocket Universal服务器 ws://your_websocket_universal.server 时出现错误: dial tcp: lookup your_websocket_universal.server: no such host 
[2022-11-25 21:28:16] [WARNING]: 连接到反向WebSocket Universal服务器 ws://your_websocket_universal.server 时出现错误: dial tcp: lookup your_websocket_universal.server: no such host 
[2022-11-25 21:28:19] [WARNING]: 连接到反向WebSocket Universal服务器 ws://your_websocket_universal.server 时出现错误: dial tcp: lookup your_websocket_universal.server: no such host 
[2022-11-25 21:28:22] [WARNING]: 连接到反向WebSocket Universal服务器 ws://your_websocket_universal.server 时出现错误: dial tcp: lookup your_websocket_universal.server: no such host 
[2022-11-25 21:28:25] [WARNING]: 连接到反向WebSocket Universal服务器 ws://your_websocket_universal.server 时出现错误: dial tcp: lookup your_websocket_universal.server: no such host 
[2022-11-25 21:28:29] [WARNING]: 连接到反向WebSocket Universal服务器 ws://your_websocket_universal.server 时出现错误: dial tcp: lookup your_websocket_universal.server: no such host 
[2022-11-25 21:28:32] [WARNING]: 连接到反向WebSocket Universal服务器 ws://your_websocket_universal.server 时出现错误: dial tcp: lookup your_websocket_universal.server: no such host 
[2022-11-25 21:28:35] [WARNING]: 连接到反向WebSocket Universal服务器 ws://your_websocket_universal.server 时出现错误: dial tcp: lookup your_websocket_universal.server: no such host 
[2022-11-25 21:28:38] [WARNING]: 连接到反向WebSocket Universal服务器 ws://your_websocket_universal.server 时出现错误: dial tcp: lookup your_websocket_universal.server: no such host 
[2022-11-25 21:28:41] [WARNING]: 连接到反向WebSocket Universal服务器 ws://your_websocket_universal.server 时出现错误: dial tcp: lookup your_websocket_universal.server: no such host 
[2022-11-25 21:28:44] [WARNING]: 连接到反向WebSocket Universal服务器 ws://your_websocket_universal.server 时出现错误: dial tcp: lookup your_websocket_universal.server: no such host 
[2022-11-25 21:28:58] [WARNING]: 连接到反向WebSocket Universal服务器 ws://your_websocket_universal.server 时出现错误: dial tcp: lookup your_websocket_universal.server: no such host 
[2022-11-25 21:29:01] [WARNING]: 连接到反向WebSocket Universal服务器 ws://your_websocket_universal.server 时出现错误: dial tcp: lookup your_websocket_universal.server: no such host 
[2022-11-25 21:29:04] [WARNING]: 连接到反向WebSocket Universal服务器 ws://your_websocket_universal.server 时出现错误: dial tcp: lookup your_websocket_universal.server: no such host 
[2022-11-25 21:29:07] [WARNING]: 连接到反向WebSocket Universal服务器 ws://your_websocket_universal.server 时出现错误: dial tcp: lookup your_websocket_universal.server: no such host 
[2022-11-25 21:29:10] [WARNING]: 连接到反向WebSocket Universal服务器 ws://your_websocket_universal.server 时出现错误: dial tcp: lookup your_websocket_universal.server: no such host 
[2022-11-25 21:29:13] [WARNING]: 连接到反向WebSocket Universal服务器 ws://your_websocket_universal.server 时出现错误: dial tcp: lookup your_websocket_universal.server: no such host 
[2022-11-25 21:29:16] [WARNING]: 连接到反向WebSocket Universal服务器 ws://your_websocket_universal.server 时出现错误: dial tcp: lookup your_websocket_universal.server: no such host 
[2022-11-25 21:29:19] [WARNING]: 连接到反向WebSocket Universal服务器 ws://your_websocket_universal.server 时出现错误: dial tcp: lookup your_websocket_universal.server: no such host 
[2022-11-25 21:29:22] [WARNING]: 连接到反向WebSocket Universal服务器 ws://your_websocket_universal.server 时出现错误: dial tcp: lookup your_websocket_universal.server: no such host 
[2022-11-25 21:29:25] [WARNING]: 连接到反向WebSocket Universal服务器 ws://your_websocket_universal.server 时出现错误: dial tcp: lookup your_websocket_universal.server: no such host 
[2022-11-25 21:29:28] [WARNING]: 连接到反向WebSocket Universal服务器 ws://your_websocket_universal.server 时出现错误: dial tcp: lookup your_websocket_universal.server: no such host 
[2022-11-25 21:29:31] [WARNING]: 连接到反向WebSocket Universal服务器 ws://your_websocket_universal.server 时出现错误: dial tcp: lookup your_websocket_universal.server: no such host 
[2022-11-25 21:29:34] [WARNING]: 连接到反向WebSocket Universal服务器 ws://your_websocket_universal.server 时出现错误: dial tcp: lookup your_websocket_universal.server: no such host 
[2022-11-25 21:29:37] [WARNING]: 连接到反向WebSocket Universal服务器 ws://your_websocket_universal.server 时出现错误: dial tcp: lookup your_websocket_universal.server: no such host 
[2022-11-25 21:29:40] [WARNING]: 连接到反向WebSocket Universal服务器 ws://your_websocket_universal.server 时出现错误: dial tcp: lookup your_websocket_universal.server: no such host 
[2022-11-25 21:29:43] [WARNING]: 连接到反向WebSocket Universal服务器 ws://your_websocket_universal.server 时出现错误: dial tcp: lookup your_websocket_universal.server: no such host 
[2022-11-25 21:29:52] [WARNING]: 连接到反向WebSocket Universal服务器 ws://your_websocket_universal.server 时出现错误: dial tcp: lookup your_websocket_universal.server: no such host 
[2022-11-25 21:29:55] [WARNING]: 连接到反向WebSocket Universal服务器 ws://your_websocket_universal.server 时出现错误: dial tcp: lookup your_websocket_universal.server: no such host 
[2022-11-25 21:29:58] [WARNING]: 连接到反向WebSocket Universal服务器 ws://your_websocket_universal.server 时出现错误: dial tcp: lookup your_websocket_universal.server: no such host 
[2022-11-25 21:30:01] [WARNING]: 连接到反向WebSocket Universal服务器 ws://your_websocket_universal.server 时出现错误: dial tcp: lookup your_websocket_universal.server: no such host 
[2022-11-25 21:30:04] [WARNING]: 连接到反向WebSocket Universal服务器 ws://your_websocket_universal.server 时出现错误: dial tcp: lookup your_websocket_universal.server: no such host 
[2022-11-25 21:30:07] [WARNING]: 连接到反向WebSocket Universal服务器 ws://your_websocket_universal.server 时出现错误: dial tcp: lookup your_websocket_universal.server: no such host 
[2022-11-25 21:30:10] [WARNING]: 连接到反向WebSocket Universal服务器 ws://your_websocket_universal.server 时出现错误: dial tcp: lookup your_websocket_universal.server: no such host 
[2022-11-25 21:30:13] [WARNING]: 连接到反向WebSocket Universal服务器 ws://your_websocket_universal.server 时出现错误: dial tcp: lookup your_websocket_universal.server: no such host 
[2022-11-25 21:30:16] [WARNING]: 连接到反向WebSocket Universal服务器 ws://your_websocket_universal.server 时出现错误: dial tcp: lookup your_websocket_universal.server: no such host 
[2022-11-25 21:30:19] [WARNING]: 连接到反向WebSocket Universal服务器 ws://your_websocket_universal.server 时出现错误: dial tcp: lookup your_websocket_universal.server: no such host 
[2022-11-25 21:30:22] [WARNING]: 连接到反向WebSocket Universal服务器 ws://your_websocket_universal.server 时出现错误: dial tcp: lookup your_websocket_universal.server: no such host 
[2022-11-25 21:30:25] [WARNING]: 连接到反向WebSocket Universal服务器 ws://your_websocket_universal.server 时出现错误: dial tcp: lookup your_websocket_universal.server: no such host 
[2022-11-25 21:30:28] [WARNING]: 连接到反向WebSocket Universal服务器 ws://your_websocket_universal.server 时出现错误: dial tcp: lookup your_websocket_universal.server: no such host 
[2022-11-25 21:30:31] [WARNING]: 连接到反向WebSocket Universal服务器 ws://your_websocket_universal.server 时出现错误: dial tcp: lookup your_websocket_universal.server: no such host 
[2022-11-25 21:30:34] [WARNING]: 连接到反向WebSocket Universal服务器 ws://your_websocket_universal.server 时出现错误: dial tcp: lookup your_websocket_universal.server: no such host 
[2022-11-25 21:30:37] [WARNING]: 连接到反向WebSocket Universal服务器 ws://your_websocket_universal.server 时出现错误: dial tcp: lookup your_websocket_universal.server: no such host 
[2022-11-25 21:30:40] [WARNING]: 连接到反向WebSocket Universal服务器 ws://your_websocket_universal.server 时出现错误: dial tcp: lookup your_websocket_universal.server: no such host 
[2022-11-25 21:30:43] [WARNING]: 连接到反向WebSocket Universal服务器 ws://your_websocket_universal.server 时出现错误: dial tcp: lookup your_websocket_universal.server: no such host 
[2022-11-25 21:30:46] [WARNING]: 连接到反向WebSocket Universal服务器 ws://your_websocket_universal.server 时出现错误: dial tcp: lookup your_websocket_universal.server: no such host 
[2022-11-25 21:30:49] [WARNING]: 连接到反向WebSocket Universal服务器 ws://your_websocket_universal.server 时出现错误: dial tcp: lookup your_websocket_universal.server: no such host 
[2022-11-25 21:30:58] [WARNING]: 连接到反向WebSocket Universal服务器 ws://your_websocket_universal.server 时出现错误: dial tcp: lookup your_websocket_universal.server: no such host 
[2022-11-25 21:31:06] [WARNING]: 连接到反向WebSocket Universal服务器 ws://your_websocket_universal.server 时出现错误: dial tcp: lookup your_websocket_universal.server: no such host 
[2022-11-25 21:31:09] [WARNING]: 连接到反向WebSocket Universal服务器 ws://your_websocket_universal.server 时出现错误: dial tcp: lookup your_websocket_universal.server: no such host 
[2022-11-25 21:31:12] [WARNING]: 连接到反向WebSocket Universal服务器 ws://your_websocket_universal.server 时出现错误: dial tcp: lookup your_websocket_universal.server: no such host 
[2022-11-25 21:31:15] [WARNING]: 连接到反向WebSocket Universal服务器 ws://your_websocket_universal.server 时出现错误: dial tcp: lookup your_websocket_universal.server: no such host 
[2022-11-25 21:31:24] [WARNING]: 连接到反向WebSocket Universal服务器 ws://your_websocket_universal.server 时出现错误: dial tcp: lookup your_websocket_universal.server: no such host 
[2022-11-25 21:31:27] [WARNING]: 连接到反向WebSocket Universal服务器 ws://your_websocket_universal.server 时出现错误: dial tcp: lookup your_websocket_universal.server: no such host 
[2022-11-25 21:31:30] [WARNING]: 连接到反向WebSocket Universal服务器 ws://your_websocket_universal.server 时出现错误: dial tcp: lookup your_websocket_universal.server: no such host 
[2022-11-25 21:31:33] [WARNING]: 连接到反向WebSocket Universal服务器 ws://your_websocket_universal.server 时出现错误: dial tcp: lookup your_websocket_universal.server: no such host 
[2022-11-25 21:31:36] [WARNING]: 连接到反向WebSocket Universal服务器 ws://your_websocket_universal.server 时出现错误: dial tcp: lookup your_websocket_universal.server: no such host 
[2022-11-25 21:31:39] [WARNING]: 连接到反向WebSocket Universal服务器 ws://your_websocket_universal.server 时出现错误: dial tcp: lookup your_websocket_universal.server: no such host 
[2022-11-25 21:31:42] [WARNING]: 连接到反向WebSocket Universal服务器 ws://your_websocket_universal.server 时出现错误: dial tcp: lookup your_websocket_universal.server: no such host 
[2022-11-25 21:31:45] [WARNING]: 连接到反向WebSocket Universal服务器 ws://your_websocket_universal.server 时出现错误: dial tcp: lookup your_websocket_universal.server: no such host 
[2022-11-25 21:31:48] [WARNING]: 连接到反向WebSocket Universal服务器 ws://your_websocket_universal.server 时出现错误: dial tcp: lookup your_websocket_universal.server: no such host 
[2022-11-25 21:31:51] [WARNING]: 连接到反向WebSocket Universal服务器 ws://your_websocket_universal.server 时出现错误: dial tcp: lookup your_websocket_universal.server: no such host 
[2022-11-25 21:31:54] [WARNING]: 连接到反向WebSocket Universal服务器 ws://your_websocket_universal.server 时出现错误: dial tcp: lookup your_websocket_universal.server: no such host 
[2022-11-25 21:31:57] [WARNING]: 连接到反向WebSocket Universal服务器 ws://your_websocket_universal.server 时出现错误: dial tcp: lookup your_websocket_universal.server: no such host 
[2022-11-25 21:32:00] [WARNING]: 连接到反向WebSocket Universal服务器 ws://your_websocket_universal.server 时出现错误: dial tcp: lookup your_websocket_universal.server: no such host 
[2022-11-25 21:32:03] [WARNING]: 连接到反向WebSocket Universal服务器 ws://your_websocket_universal.server 时出现错误: dial tcp: lookup your_websocket_universal.server: no such host 
[2022-11-25 21:32:06] [WARNING]: 连接到反向WebSocket Universal服务器 ws://your_websocket_universal.server 时出现错误: dial tcp: lookup your_websocket_universal.server: no such host 
[2022-11-25 21:32:09] [WARNING]: 连接到反向WebSocket Universal服务器 ws://your_websocket_universal.server 时出现错误: dial tcp: lookup your_websocket_universal.server: no such host 
[2022-11-25 21:32:12] [WARNING]: 连接到反向WebSocket Universal服务器 ws://your_websocket_universal.server 时出现错误: dial tcp: lookup your_websocket_universal.server: no such host 
[2022-11-25 21:32:15] [WARNING]: 连接到反向WebSocket Universal服务器 ws://your_websocket_universal.server 时出现错误: dial tcp: lookup your_websocket_universal.server: no such host 
[2022-11-25 21:32:18] [WARNING]: 连接到反向WebSocket Universal服务器 ws://your_websocket_universal.server 时出现错误: dial tcp: lookup your_websocket_universal.server: no such host 
[2022-11-25 21:32:21] [WARNING]: 连接到反向WebSocket Universal服务器 ws://your_websocket_universal.server 时出现错误: dial tcp: lookup your_websocket_universal.server: no such host 
[2022-11-25 21:32:24] [WARNING]: 连接到反向WebSocket Universal服务器 ws://your_websocket_universal.server 时出现错误: dial tcp: lookup your_websocket_universal.server: no such host 
[2022-11-25 21:32:27] [WARNING]: 连接到反向WebSocket Universal服务器 ws://your_websocket_universal.server 时出现错误: dial tcp: lookup your_websocket_universal.server: no such host 
[2022-11-25 21:32:30] [WARNING]: 连接到反向WebSocket Universal服务器 ws://your_websocket_universal.server 时出现错误: dial tcp: lookup your_websocket_universal.server: no such host 
[2022-11-25 21:32:33] [WARNING]: 连接到反向WebSocket Universal服务器 ws://your_websocket_universal.server 时出现错误: dial tcp: lookup your_websocket_universal.server: no such host 
[2022-11-25 21:32:36] [WARNING]: 连接到反向WebSocket Universal服务器 ws://your_websocket_universal.server 时出现错误: dial tcp: lookup your_websocket_universal.server: no such host 
[2022-11-25 21:32:39] [WARNING]: 连接到反向WebSocket Universal服务器 ws://your_websocket_universal.server 时出现错误: dial tcp: lookup your_websocket_universal.server: no such host 
[2022-11-25 21:32:42] [WARNING]: 连接到反向WebSocket Universal服务器 ws://your_websocket_universal.server 时出现错误: dial tcp: lookup your_websocket_universal.server: no such host 
[2022-11-25 21:32:45] [WARNING]: 连接到反向WebSocket Universal服务器 ws://your_websocket_universal.server 时出现错误: dial tcp: lookup your_websocket_universal.server: no such host 
[2022-11-25 21:32:49] [WARNING]: 连接到反向WebSocket Universal服务器 ws://your_websocket_universal.server 时出现错误: dial tcp: lookup your_websocket_universal.server: no such host 
[2022-11-25 21:32:52] [WARNING]: 连接到反向WebSocket Universal服务器 ws://your_websocket_universal.server 时出现错误: dial tcp: lookup your_websocket_universal.server: no such host 
[2022-11-25 21:32:55] [WARNING]: 连接到反向WebSocket Universal服务器 ws://your_websocket_universal.server 时出现错误: dial tcp: lookup your_websocket_universal.server: no such host 
[2022-11-25 21:32:58] [WARNING]: 连接到反向WebSocket Universal服务器 ws://your_websocket_universal.server 时出现错误: dial tcp: lookup your_websocket_universal.server: no such host 
[2022-11-25 21:33:06] [WARNING]: 连接到反向WebSocket Universal服务器 ws://your_websocket_universal.server 时出现错误: dial tcp: lookup your_websocket_universal.server: no such host 
[2022-11-25 21:33:09] [WARNING]: 连接到反向WebSocket Universal服务器 ws://your_websocket_universal.server 时出现错误: dial tcp: lookup your_websocket_universal.server: no such host 
[2022-11-25 21:33:12] [WARNING]: 连接到反向WebSocket Universal服务器 ws://your_websocket_universal.server 时出现错误: dial tcp: lookup your_websocket_universal.server: no such host 
[2022-11-25 21:33:15] [WARNING]: 连接到反向WebSocket Universal服务器 ws://your_websocket_universal.server 时出现错误: dial tcp: lookup your_websocket_universal.server: no such host 
[2022-11-25 21:33:18] [WARNING]: 连接到反向WebSocket Universal服务器 ws://your_websocket_universal.server 时出现错误: dial tcp: lookup your_websocket_universal.server: no such host 
[2022-11-25 21:33:21] [WARNING]: 连接到反向WebSocket Universal服务器 ws://your_websocket_universal.server 时出现错误: dial tcp: lookup your_websocket_universal.server: no such host 
[2022-11-25 21:33:24] [WARNING]: 连接到反向WebSocket Universal服务器 ws://your_websocket_universal.server 时出现错误: dial tcp: lookup your_websocket_universal.server: no such host 
[2022-11-25 21:33:27] [WARNING]: 连接到反向WebSocket Universal服务器 ws://your_websocket_universal.server 时出现错误: dial tcp: lookup your_websocket_universal.server: no such host 
[2022-11-25 21:33:30] [WARNING]: 连接到反向WebSocket Universal服务器 ws://your_websocket_universal.server 时出现错误: dial tcp: lookup your_websocket_universal.server: no such host 
[2022-11-25 21:33:33] [WARNING]: 连接到反向WebSocket Universal服务器 ws://your_websocket_universal.server 时出现错误: dial tcp: lookup your_websocket_universal.server: no such host 
[2022-11-25 21:33:36] [WARNING]: 连接到反向WebSocket Universal服务器 ws://your_websocket_universal.server 时出现错误: dial tcp: lookup your_websocket_universal.server: no such host 
[2022-11-25 21:33:39] [WARNING]: 连接到反向WebSocket Universal服务器 ws://your_websocket_universal.server 时出现错误: dial tcp: lookup your_websocket_universal.server: no such host 
[2022-11-25 21:33:42] [WARNING]: 连接到反向WebSocket Universal服务器 ws://your_websocket_universal.server 时出现错误: dial tcp: lookup your_websocket_universal.server: no such host 
[2022-11-25 21:33:45] [WARNING]: 连接到反向WebSocket Universal服务器 ws://your_websocket_universal.server 时出现错误: dial tcp: lookup your_websocket_universal.server: no such host 
[2022-11-25 21:33:48] [WARNING]: 连接到反向WebSocket Universal服务器 ws://your_websocket_universal.server 时出现错误: dial tcp: lookup your_websocket_universal.server: no such host 
[2022-11-25 21:33:51] [WARNING]: 连接到反向WebSocket Universal服务器 ws://your_websocket_universal.server 时出现错误: dial tcp: lookup your_websocket_universal.server: no such host 
[2022-11-25 21:33:54] [WARNING]: 连接到反向WebSocket Universal服务器 ws://your_websocket_universal.server 时出现错误: dial tcp: lookup your_websocket_universal.server: no such host 
[2022-11-25 21:33:57] [WARNING]: 连接到反向WebSocket Universal服务器 ws://your_websocket_universal.server 时出现错误: dial tcp: lookup your_websocket_universal.server: no such host 
[2022-11-25 21:34:00] [WARNING]: 连接到反向WebSocket Universal服务器 ws://your_websocket_universal.server 时出现错误: dial tcp: lookup your_websocket_universal.server: no such host 
[2022-11-25 21:34:03] [WARNING]: 连接到反向WebSocket Universal服务器 ws://your_websocket_universal.server 时出现错误: dial tcp: lookup your_websocket_universal.server: no such host 
[2022-11-25 21:34:06] [WARNING]: 连接到反向WebSocket Universal服务器 ws://your_websocket_universal.server 时出现错误: dial tcp: lookup your_websocket_universal.server: no such host 
[2022-11-25 21:34:09] [WARNING]: 连接到反向WebSocket Universal服务器 ws://your_websocket_universal.server 时出现错误: dial tcp: lookup your_websocket_universal.server: no such host 
[2022-11-25 21:34:12] [WARNING]: 连接到反向WebSocket Universal服务器 ws://your_websocket_universal.server 时出现错误: dial tcp: lookup your_websocket_universal.server: no such host 
[2022-11-25 21:34:15] [WARNING]: 连接到反向WebSocket Universal服务器 ws://your_websocket_universal.server 时出现错误: dial tcp: lookup your_websocket_universal.server: no such host 
[2022-11-25 21:34:18] [WARNING]: 连接到反向WebSocket Universal服务器 ws://your_websocket_universal.server 时出现错误: dial tcp: lookup your_websocket_universal.server: no such host 
[2022-11-25 21:34:21] [WARNING]: 连接到反向WebSocket Universal服务器 ws://your_websocket_universal.server 时出现错误: dial tcp: lookup your_websocket_universal.server: no such host 
[2022-11-25 21:34:24] [WARNING]: 连接到反向WebSocket Universal服务器 ws://your_websocket_universal.server 时出现错误: dial tcp: lookup your_websocket_universal.server: no such host 
[2022-11-25 21:34:27] [WARNING]: 连接到反向WebSocket Universal服务器 ws://your_websocket_universal.server 时出现错误: dial tcp: lookup your_websocket_universal.server: no such host 
[2022-11-25 21:34:30] [WARNING]: 连接到反向WebSocket Universal服务器 ws://your_websocket_universal.server 时出现错误: dial tcp: lookup your_websocket_universal.server: no such host 
[2022-11-25 21:34:33] [WARNING]: 连接到反向WebSocket Universal服务器 ws://your_websocket_universal.server 时出现错误: dial tcp: lookup your_websocket_universal.server: no such host 
[2022-11-25 21:34:36] [WARNING]: 连接到反向WebSocket Universal服务器 ws://your_websocket_universal.server 时出现错误: dial tcp: lookup your_websocket_universal.server: no such host 
[2022-11-25 21:34:39] [WARNING]: 连接到反向WebSocket Universal服务器 ws://your_websocket_universal.server 时出现错误: dial tcp: lookup your_websocket_universal.server: no such host 
[2022-11-25 21:34:42] [WARNING]: 连接到反向WebSocket Universal服务器 ws://your_websocket_universal.server 时出现错误: dial tcp: lookup your_websocket_universal.server: no such host 
[2022-11-25 21:34:45] [WARNING]: 连接到反向WebSocket Universal服务器 ws://your_websocket_universal.server 时出现错误: dial tcp: lookup your_websocket_universal.server: no such host 
[2022-11-25 21:34:48] [WARNING]: 连接到反向WebSocket Universal服务器 ws://your_websocket_universal.server 时出现错误: dial tcp: lookup your_websocket_universal.server: no such host 
[2022-11-25 21:34:51] [WARNING]: 连接到反向WebSocket Universal服务器 ws://your_websocket_universal.server 时出现错误: dial tcp: lookup your_websocket_universal.server: no such host 
[2022-11-25 21:34:54] [WARNING]: 连接到反向WebSocket Universal服务器 ws://your_websocket_universal.server 时出现错误: dial tcp: lookup your_websocket_universal.server: no such host 
[2022-11-25 21:34:57] [WARNING]: 连接到反向WebSocket Universal服务器 ws://your_websocket_universal.server 时出现错误: dial tcp: lookup your_websocket_universal.server: no such host 
[2022-11-25 21:35:00] [WARNING]: 连接到反向WebSocket Universal服务器 ws://your_websocket_universal.server 时出现错误: dial tcp: lookup your_websocket_universal.server: no such host 
[2022-11-25 21:35:03] [WARNING]: 连接到反向WebSocket Universal服务器 ws://your_websocket_universal.server 时出现错误: dial tcp: lookup your_websocket_universal.server: no such host 
[2022-11-25 21:35:06] [WARNING]: 连接到反向WebSocket Universal服务器 ws://your_websocket_universal.server 时出现错误: dial tcp: lookup your_websocket_universal.server: no such host 
[2022-11-25 21:35:09] [WARNING]: 连接到反向WebSocket Universal服务器 ws://your_websocket_universal.server 时出现错误: dial tcp: lookup your_websocket_universal.server: no such host 
[2022-11-25 21:35:12] [WARNING]: 连接到反向WebSocket Universal服务器 ws://your_websocket_universal.server 时出现错误: dial tcp: lookup your_websocket_universal.server: no such host 
[2022-11-25 21:35:15] [WARNING]: 连接到反向WebSocket Universal服务器 ws://your_websocket_universal.server 时出现错误: dial tcp: lookup your_websocket_universal.server: no such host 
[2022-11-25 21:35:18] [WARNING]: 连接到反向WebSocket Universal服务器 ws://your_websocket_universal.server 时出现错误: dial tcp: lookup your_websocket_universal.server: no such host 
[2022-11-25 21:35:21] [WARNING]: 连接到反向WebSocket Universal服务器 ws://your_websocket_universal.server 时出现错误: dial tcp: lookup your_websocket_universal.server: no such host 
[2022-11-25 21:35:29] [WARNING]: 连接到反向WebSocket Universal服务器 ws://your_websocket_universal.server 时出现错误: dial tcp: lookup your_websocket_universal.server: no such host 
[2022-11-25 21:35:37] [WARNING]: 连接到反向WebSocket Universal服务器 ws://your_websocket_universal.server 时出现错误: dial tcp: lookup your_websocket_universal.server: no such host 
[2022-11-25 21:35:40] [WARNING]: 连接到反向WebSocket Universal服务器 ws://your_websocket_universal.server 时出现错误: dial tcp: lookup your_websocket_universal.server: no such host 
[2022-11-25 21:35:43] [WARNING]: 连接到反向WebSocket Universal服务器 ws://your_websocket_universal.server 时出现错误: dial tcp: lookup your_websocket_universal.server: no such host 
[2022-11-25 21:35:46] [WARNING]: 连接到反向WebSocket Universal服务器 ws://your_websocket_universal.server 时出现错误: dial tcp: lookup your_websocket_universal.server: no such host 
[2022-11-25 21:35:50] [WARNING]: 连接到反向WebSocket Universal服务器 ws://your_websocket_universal.server 时出现错误: dial tcp: lookup your_websocket_universal.server: no such host 
[2022-11-25 21:35:53] [WARNING]: 连接到反向WebSocket Universal服务器 ws://your_websocket_universal.server 时出现错误: dial tcp: lookup your_websocket_universal.server: no such host 
[2022-11-25 21:35:56] [WARNING]: 连接到反向WebSocket Universal服务器 ws://your_websocket_universal.server 时出现错误: dial tcp: lookup your_websocket_universal.server: no such host 
[2022-11-25 21:35:59] [WARNING]: 连接到反向WebSocket Universal服务器 ws://your_websocket_universal.server 时出现错误: dial tcp: lookup your_websocket_universal.server: no such host 
[2022-11-25 21:36:02] [WARNING]: 连接到反向WebSocket Universal服务器 ws://your_websocket_universal.server 时出现错误: dial tcp: lookup your_websocket_universal.server: no such host 
[2022-11-25 21:36:05] [WARNING]: 连接到反向WebSocket Universal服务器 ws://your_websocket_universal.server 时出现错误: dial tcp: lookup your_websocket_universal.server: no such host 
[2022-11-25 21:36:08] [WARNING]: 连接到反向WebSocket Universal服务器 ws://your_websocket_universal.server 时出现错误: dial tcp: lookup your_websocket_universal.server: no such host 
[2022-11-25 21:36:11] [WARNING]: 连接到反向WebSocket Universal服务器 ws://your_websocket_universal.server 时出现错误: dial tcp: lookup your_websocket_universal.server: no such host 
[2022-11-25 21:36:14] [WARNING]: 连接到反向WebSocket Universal服务器 ws://your_websocket_universal.server 时出现错误: dial tcp: lookup your_websocket_universal.server: no such host 
[2022-11-25 21:36:17] [WARNING]: 连接到反向WebSocket Universal服务器 ws://your_websocket_universal.server 时出现错误: dial tcp: lookup your_websocket_universal.server: no such host 
[2022-11-25 21:36:20] [WARNING]: 连接到反向WebSocket Universal服务器 ws://your_websocket_universal.server 时出现错误: dial tcp: lookup your_websocket_universal.server: no such host 
[2022-11-25 21:36:23] [WARNING]: 连接到反向WebSocket Universal服务器 ws://your_websocket_universal.server 时出现错误: dial tcp: lookup your_websocket_universal.server: no such host 
[2022-11-25 21:36:31] [WARNING]: 连接到反向WebSocket Universal服务器 ws://your_websocket_universal.server 时出现错误: dial tcp: lookup your_websocket_universal.server: no such host 
[2022-11-25 21:36:34] [WARNING]: 连接到反向WebSocket Universal服务器 ws://your_websocket_universal.server 时出现错误: dial tcp: lookup your_websocket_universal.server: no such host 
[2022-11-25 21:36:37] [WARNING]: 连接到反向WebSocket Universal服务器 ws://your_websocket_universal.server 时出现错误: dial tcp: lookup your_websocket_universal.server: no such host 
[2022-11-25 21:36:40] [WARNING]: 连接到反向WebSocket Universal服务器 ws://your_websocket_universal.server 时出现错误: dial tcp: lookup your_websocket_universal.server: no such host 
[2022-11-25 21:36:43] [WARNING]: 连接到反向WebSocket Universal服务器 ws://your_websocket_universal.server 时出现错误: dial tcp: lookup your_websocket_universal.server: no such host 
[2022-11-25 21:36:46] [WARNING]: 连接到反向WebSocket Universal服务器 ws://your_websocket_universal.server 时出现错误: dial tcp: lookup your_websocket_universal.server: no such host 
[2022-11-25 21:36:49] [WARNING]: 连接到反向WebSocket Universal服务器 ws://your_websocket_universal.server 时出现错误: dial tcp: lookup your_websocket_universal.server: no such host 
[2022-11-25 21:36:52] [WARNING]: 连接到反向WebSocket Universal服务器 ws://your_websocket_universal.server 时出现错误: dial tcp: lookup your_websocket_universal.server: no such host 
[2022-11-25 21:36:55] [WARNING]: 连接到反向WebSocket Universal服务器 ws://your_websocket_universal.server 时出现错误: dial tcp: lookup your_websocket_universal.server: no such host 
[2022-11-25 21:36:58] [WARNING]: 连接到反向WebSocket Universal服务器 ws://your_websocket_universal.server 时出现错误: dial tcp: lookup your_websocket_universal.server: no such host 
[2022-11-25 21:37:01] [WARNING]: 连接到反向WebSocket Universal服务器 ws://your_websocket_universal.server 时出现错误: dial tcp: lookup your_websocket_universal.server: no such host 
[2022-11-25 21:37:04] [WARNING]: 连接到反向WebSocket Universal服务器 ws://your_websocket_universal.server 时出现错误: dial tcp: lookup your_websocket_universal.server: no such host 
[2022-11-25 21:37:07] [WARNING]: 连接到反向WebSocket Universal服务器 ws://your_websocket_universal.server 时出现错误: dial tcp: lookup your_websocket_universal.server: no such host 
[2022-11-25 21:37:10] [WARNING]: 连接到反向WebSocket Universal服务器 ws://your_websocket_universal.server 时出现错误: dial tcp: lookup your_websocket_universal.server: no such host 
[2022-11-25 21:37:14] [WARNING]: 连接到反向WebSocket Universal服务器 ws://your_websocket_universal.server 时出现错误: dial tcp: lookup your_websocket_universal.server: no such host 
[2022-11-25 21:37:17] [WARNING]: 连接到反向WebSocket Universal服务器 ws://your_websocket_universal.server 时出现错误: dial tcp: lookup your_websocket_universal.server: no such host 
[2022-11-25 21:37:20] [WARNING]: 连接到反向WebSocket Universal服务器 ws://your_websocket_universal.server 时出现错误: dial tcp: lookup your_websocket_universal.server: no such host 
[2022-11-25 21:37:23] [WARNING]: 连接到反向WebSocket Universal服务器 ws://your_websocket_universal.server 时出现错误: dial tcp: lookup your_websocket_universal.server: no such host 
[2022-11-25 21:37:26] [WARNING]: 连接到反向WebSocket Universal服务器 ws://your_websocket_universal.server 时出现错误: dial tcp: lookup your_websocket_universal.server: no such host 
[2022-11-25 21:37:29] [WARNING]: 连接到反向WebSocket Universal服务器 ws://your_websocket_universal.server 时出现错误: dial tcp: lookup your_websocket_universal.server: no such host 
[2022-11-25 21:37:32] [WARNING]: 连接到反向WebSocket Universal服务器 ws://your_websocket_universal.server 时出现错误: dial tcp: lookup your_websocket_universal.server: no such host 
[2022-11-25 21:37:35] [WARNING]: 连接到反向WebSocket Universal服务器 ws://your_websocket_universal.server 时出现错误: dial tcp: lookup your_websocket_universal.server: no such host 
[2022-11-25 21:37:38] [WARNING]: 连接到反向WebSocket Universal服务器 ws://your_websocket_universal.server 时出现错误: dial tcp: lookup your_websocket_universal.server: no such host 
[2022-11-25 21:37:41] [WARNING]: 连接到反向WebSocket Universal服务器 ws://your_websocket_universal.server 时出现错误: dial tcp: lookup your_websocket_universal.server: no such host 
[2022-11-25 21:37:44] [WARNING]: 连接到反向WebSocket Universal服务器 ws://your_websocket_universal.server 时出现错误: dial tcp: lookup your_websocket_universal.server: no such host 
[2022-11-25 21:37:47] [WARNING]: 连接到反向WebSocket Universal服务器 ws://your_websocket_universal.server 时出现错误: dial tcp: lookup your_websocket_universal.server: no such host 
[2022-11-25 21:37:50] [WARNING]: 连接到反向WebSocket Universal服务器 ws://your_websocket_universal.server 时出现错误: dial tcp: lookup your_websocket_universal.server: no such host 
[2022-11-25 21:37:53] [WARNING]: 连接到反向WebSocket Universal服务器 ws://your_websocket_universal.server 时出现错误: dial tcp: lookup your_websocket_universal.server: no such host 
[2022-11-25 21:37:56] [WARNING]: 连接到反向WebSocket Universal服务器 ws://your_websocket_universal.server 时出现错误: dial tcp: lookup your_websocket_universal.server: no such host 
[2022-11-25 21:37:59] [WARNING]: 连接到反向WebSocket Universal服务器 ws://your_websocket_universal.server 时出现错误: dial tcp: lookup your_websocket_universal.server: no such host 
[2022-11-25 21:38:02] [WARNING]: 连接到反向WebSocket Universal服务器 ws://your_websocket_universal.server 时出现错误: dial tcp: lookup your_websocket_universal.server: no such host 
[2022-11-25 21:38:05] [WARNING]: 连接到反向WebSocket Universal服务器 ws://your_websocket_universal.server 时出现错误: dial tcp: lookup your_websocket_universal.server: no such host 
[2022-11-25 21:38:08] [WARNING]: 连接到反向WebSocket Universal服务器 ws://your_websocket_universal.server 时出现错误: dial tcp: lookup your_websocket_universal.server: no such host 
[2022-11-25 21:38:11] [WARNING]: 连接到反向WebSocket Universal服务器 ws://your_websocket_universal.server 时出现错误: dial tcp: lookup your_websocket_universal.server: no such host 
[2022-11-25 21:38:14] [WARNING]: 连接到反向WebSocket Universal服务器 ws://your_websocket_universal.server 时出现错误: dial tcp: lookup your_websocket_universal.server: no such host 
[2022-11-25 21:38:17] [WARNING]: 连接到反向WebSocket Universal服务器 ws://your_websocket_universal.server 时出现错误: dial tcp: lookup your_websocket_universal.server: no such host 
[2022-11-25 21:38:20] [WARNING]: 连接到反向WebSocket Universal服务器 ws://your_websocket_universal.server 时出现错误: dial tcp: lookup your_websocket_universal.server: no such host 
[2022-11-25 21:38:23] [WARNING]: 连接到反向WebSocket Universal服务器 ws://your_websocket_universal.server 时出现错误: dial tcp: lookup your_websocket_universal.server: no such host 
[2022-11-25 21:38:26] [WARNING]: 连接到反向WebSocket Universal服务器 ws://your_websocket_universal.server 时出现错误: dial tcp: lookup your_websocket_universal.server: no such host 
[2022-11-25 21:38:29] [WARNING]: 连接到反向WebSocket Universal服务器 ws://your_websocket_universal.server 时出现错误: dial tcp: lookup your_websocket_universal.server: no such host 
[2022-11-25 21:38:32] [WARNING]: 连接到反向WebSocket Universal服务器 ws://your_websocket_universal.server 时出现错误: dial tcp: lookup your_websocket_universal.server: no such host 
[2022-11-25 21:38:35] [WARNING]: 连接到反向WebSocket Universal服务器 ws://your_websocket_universal.server 时出现错误: dial tcp: lookup your_websocket_universal.server: no such host 
[2022-11-25 21:38:38] [WARNING]: 连接到反向WebSocket Universal服务器 ws://your_websocket_universal.server 时出现错误: dial tcp: lookup your_websocket_universal.server: no such host 
[2022-11-25 21:38:41] [WARNING]: 连接到反向WebSocket Universal服务器 ws://your_websocket_universal.server 时出现错误: dial tcp: lookup your_websocket_universal.server: no such host 
[2022-11-25 21:38:44] [WARNING]: 连接到反向WebSocket Universal服务器 ws://your_websocket_universal.server 时出现错误: dial tcp: lookup your_websocket_universal.server: no such host 
[2022-11-25 21:38:47] [WARNING]: 连接到反向WebSocket Universal服务器 ws://your_websocket_universal.server 时出现错误: dial tcp: lookup your_websocket_universal.server: no such host 
[2022-11-25 21:38:50] [WARNING]: 连接到反向WebSocket Universal服务器 ws://your_websocket_universal.server 时出现错误: dial tcp: lookup your_websocket_universal.server: no such host 
[2022-11-25 21:38:53] [WARNING]: 连接到反向WebSocket Universal服务器 ws://your_websocket_universal.server 时出现错误: dial tcp: lookup your_websocket_universal.server: no such host 
[2022-11-25 21:38:56] [WARNING]: 连接到反向WebSocket Universal服务器 ws://your_websocket_universal.server 时出现错误: dial tcp: lookup your_websocket_universal.server: no such host 
[2022-11-25 21:38:59] [WARNING]: 连接到反向WebSocket Universal服务器 ws://your_websocket_universal.server 时出现错误: dial tcp: lookup your_websocket_universal.server: no such host 
[2022-11-25 21:39:02] [WARNING]: 连接到反向WebSocket Universal服务器 ws://your_websocket_universal.server 时出现错误: dial tcp: lookup your_websocket_universal.server: no such host 
[2022-11-25 21:39:05] [WARNING]: 连接到反向WebSocket Universal服务器 ws://your_websocket_universal.server 时出现错误: dial tcp: lookup your_websocket_universal.server: no such host 
[2022-11-25 21:39:08] [WARNING]: 连接到反向WebSocket Universal服务器 ws://your_websocket_universal.server 时出现错误: dial tcp: lookup your_websocket_universal.server: no such host 
[2022-11-25 21:39:11] [WARNING]: 连接到反向WebSocket Universal服务器 ws://your_websocket_universal.server 时出现错误: dial tcp: lookup your_websocket_universal.server: no such host 
[2022-11-25 21:39:19] [WARNING]: 连接到反向WebSocket Universal服务器 ws://your_websocket_universal.server 时出现错误: dial tcp: lookup your_websocket_universal.server: no such host 
[2022-11-25 21:39:22] [WARNING]: 连接到反向WebSocket Universal服务器 ws://your_websocket_universal.server 时出现错误: dial tcp: lookup your_websocket_universal.server: no such host 
[2022-11-25 21:39:25] [WARNING]: 连接到反向WebSocket Universal服务器 ws://your_websocket_universal.server 时出现错误: dial tcp: lookup your_websocket_universal.server: no such host 
[2022-11-25 21:39:28] [WARNING]: 连接到反向WebSocket Universal服务器 ws://your_websocket_universal.server 时出现错误: dial tcp: lookup your_websocket_universal.server: no such host 
[2022-11-25 21:39:31] [WARNING]: 连接到反向WebSocket Universal服务器 ws://your_websocket_universal.server 时出现错误: dial tcp: lookup your_websocket_universal.server: no such host 
[2022-11-25 21:39:34] [WARNING]: 连接到反向WebSocket Universal服务器 ws://your_websocket_universal.server 时出现错误: dial tcp: lookup your_websocket_universal.server: no such host 
[2022-11-25 21:39:37] [WARNING]: 连接到反向WebSocket Universal服务器 ws://your_websocket_universal.server 时出现错误: dial tcp: lookup your_websocket_universal.server: no such host 
[2022-11-25 21:39:40] [WARNING]: 连接到反向WebSocket Universal服务器 ws://your_websocket_universal.server 时出现错误: dial tcp: lookup your_websocket_universal.server: no such host 
[2022-11-25 21:39:43] [WARNING]: 连接到反向WebSocket Universal服务器 ws://your_websocket_universal.server 时出现错误: dial tcp: lookup your_websocket_universal.server: no such host 
[2022-11-25 21:39:46] [WARNING]: 连接到反向WebSocket Universal服务器 ws://your_websocket_universal.server 时出现错误: dial tcp: lookup your_websocket_universal.server: no such host 
[2022-11-25 21:39:54] [WARNING]: 连接到反向WebSocket Universal服务器 ws://your_websocket_universal.server 时出现错误: dial tcp: lookup your_websocket_universal.server: no such host 
[2022-11-25 21:39:57] [WARNING]: 连接到反向WebSocket Universal服务器 ws://your_websocket_universal.server 时出现错误: dial tcp: lookup your_websocket_universal.server: no such host 
[2022-11-25 21:40:00] [WARNING]: 连接到反向WebSocket Universal服务器 ws://your_websocket_universal.server 时出现错误: dial tcp: lookup your_websocket_universal.server: no such host 
[2022-11-25 21:40:03] [WARNING]: 连接到反向WebSocket Universal服务器 ws://your_websocket_universal.server 时出现错误: dial tcp: lookup your_websocket_universal.server: no such host 
[2022-11-25 21:40:06] [WARNING]: 连接到反向WebSocket Universal服务器 ws://your_websocket_universal.server 时出现错误: dial tcp: lookup your_websocket_universal.server: no such host 
[2022-11-25 21:40:09] [WARNING]: 连接到反向WebSocket Universal服务器 ws://your_websocket_universal.server 时出现错误: dial tcp: lookup your_websocket_universal.server: no such host 
[2022-11-25 21:40:12] [WARNING]: 连接到反向WebSocket Universal服务器 ws://your_websocket_universal.server 时出现错误: dial tcp: lookup your_websocket_universal.server: no such host 
[2022-11-25 21:40:15] [WARNING]: 连接到反向WebSocket Universal服务器 ws://your_websocket_universal.server 时出现错误: dial tcp: lookup your_websocket_universal.server: no such host 
[2022-11-25 21:40:18] [WARNING]: 连接到反向WebSocket Universal服务器 ws://your_websocket_universal.server 时出现错误: dial tcp: lookup your_websocket_universal.server: no such host 
[2022-11-25 21:40:21] [WARNING]: 连接到反向WebSocket Universal服务器 ws://your_websocket_universal.server 时出现错误: dial tcp: lookup your_websocket_universal.server: no such host 
[2022-11-25 21:40:24] [WARNING]: 连接到反向WebSocket Universal服务器 ws://your_websocket_universal.server 时出现错误: dial tcp: lookup your_websocket_universal.server: no such host 
[2022-11-25 21:40:27] [WARNING]: 连接到反向WebSocket Universal服务器 ws://your_websocket_universal.server 时出现错误: dial tcp: lookup your_websocket_universal.server: no such host 
[2022-11-25 21:40:30] [WARNING]: 连接到反向WebSocket Universal服务器 ws://your_websocket_universal.server 时出现错误: dial tcp: lookup your_websocket_universal.server: no such host 
[2022-11-25 21:40:33] [WARNING]: 连接到反向WebSocket Universal服务器 ws://your_websocket_universal.server 时出现错误: dial tcp: lookup your_websocket_universal.server: no such host 
[2022-11-25 21:40:37] [WARNING]: 连接到反向WebSocket Universal服务器 ws://your_websocket_universal.server 时出现错误: dial tcp: lookup your_websocket_universal.server: no such host 
[2022-11-25 21:40:40] [WARNING]: 连接到反向WebSocket Universal服务器 ws://your_websocket_universal.server 时出现错误: dial tcp: lookup your_websocket_universal.server: no such host 
[2022-11-25 21:40:43] [WARNING]: 连接到反向WebSocket Universal服务器 ws://your_websocket_universal.server 时出现错误: dial tcp: lookup your_websocket_universal.server: no such host 
[2022-11-25 21:40:46] [WARNING]: 连接到反向WebSocket Universal服务器 ws://your_websocket_universal.server 时出现错误: dial tcp: lookup your_websocket_universal.server: no such host 
[2022-11-25 21:41:01] [WARNING]: 连接到反向WebSocket Universal服务器 ws://your_websocket_universal.server 时出现错误: dial tcp: lookup your_websocket_universal.server: no such host 
[2022-11-25 21:41:04] [WARNING]: 连接到反向WebSocket Universal服务器 ws://your_websocket_universal.server 时出现错误: dial tcp: lookup your_websocket_universal.server: no such host 
[2022-11-25 21:41:07] [WARNING]: 连接到反向WebSocket Universal服务器 ws://your_websocket_universal.server 时出现错误: dial tcp: lookup your_websocket_universal.server: no such host 
[2022-11-25 21:41:10] [WARNING]: 连接到反向WebSocket Universal服务器 ws://your_websocket_universal.server 时出现错误: dial tcp: lookup your_websocket_universal.server: no such host 
[2022-11-25 21:41:13] [WARNING]: 连接到反向WebSocket Universal服务器 ws://your_websocket_universal.server 时出现错误: dial tcp: lookup your_websocket_universal.server: no such host 
[2022-11-25 21:41:16] [WARNING]: 连接到反向WebSocket Universal服务器 ws://your_websocket_universal.server 时出现错误: dial tcp: lookup your_websocket_universal.server: no such host 
[2022-11-25 21:41:19] [WARNING]: 连接到反向WebSocket Universal服务器 ws://your_websocket_universal.server 时出现错误: dial tcp: lookup your_websocket_universal.server: no such host 
[2022-11-25 21:41:22] [WARNING]: 连接到反向WebSocket Universal服务器 ws://your_websocket_universal.server 时出现错误: dial tcp: lookup your_websocket_universal.server: no such host 
[2022-11-25 21:41:25] [WARNING]: 连接到反向WebSocket Universal服务器 ws://your_websocket_universal.server 时出现错误: dial tcp: lookup your_websocket_universal.server: no such host 
[2022-11-25 21:41:28] [WARNING]: 连接到反向WebSocket Universal服务器 ws://your_websocket_universal.server 时出现错误: dial tcp: lookup your_websocket_universal.server: no such host 
[2022-11-25 21:41:31] [WARNING]: 连接到反向WebSocket Universal服务器 ws://your_websocket_universal.server 时出现错误: dial tcp: lookup your_websocket_universal.server: no such host 
[2022-11-25 21:41:34] [WARNING]: 连接到反向WebSocket Universal服务器 ws://your_websocket_universal.server 时出现错误: dial tcp: lookup your_websocket_universal.server: no such host 
[2022-11-25 21:41:37] [WARNING]: 连接到反向WebSocket Universal服务器 ws://your_websocket_universal.server 时出现错误: dial tcp: lookup your_websocket_universal.server: no such host 
[2022-11-25 21:41:40] [WARNING]: 连接到反向WebSocket Universal服务器 ws://your_websocket_universal.server 时出现错误: dial tcp: lookup your_websocket_universal.server: no such host 
[2022-11-25 21:41:43] [WARNING]: 连接到反向WebSocket Universal服务器 ws://your_websocket_universal.server 时出现错误: dial tcp: lookup your_websocket_universal.server: no such host 
[2022-11-25 21:41:46] [WARNING]: 连接到反向WebSocket Universal服务器 ws://your_websocket_universal.server 时出现错误: dial tcp: lookup your_websocket_universal.server: no such host 
[2022-11-25 21:41:49] [WARNING]: 连接到反向WebSocket Universal服务器 ws://your_websocket_universal.server 时出现错误: dial tcp: lookup your_websocket_universal.server: no such host 
[2022-11-25 21:41:52] [WARNING]: 连接到反向WebSocket Universal服务器 ws://your_websocket_universal.server 时出现错误: dial tcp: lookup your_websocket_universal.server: no such host 
[2022-11-25 21:41:55] [WARNING]: 连接到反向WebSocket Universal服务器 ws://your_websocket_universal.server 时出现错误: dial tcp: lookup your_websocket_universal.server: no such host 
[2022-11-25 21:41:58] [WARNING]: 连接到反向WebSocket Universal服务器 ws://your_websocket_universal.server 时出现错误: dial tcp: lookup your_websocket_universal.server: no such host 
[2022-11-25 21:42:06] [WARNING]: 连接到反向WebSocket Universal服务器 ws://your_websocket_universal.server 时出现错误: dial tcp: lookup your_websocket_universal.server: no such host 
[2022-11-25 21:42:09] [WARNING]: 连接到反向WebSocket Universal服务器 ws://your_websocket_universal.server 时出现错误: dial tcp: lookup your_websocket_universal.server: no such host 
[2022-11-25 21:42:12] [WARNING]: 连接到反向WebSocket Universal服务器 ws://your_websocket_universal.server 时出现错误: dial tcp: lookup your_websocket_universal.server: no such host 
[2022-11-25 21:42:15] [WARNING]: 连接到反向WebSocket Universal服务器 ws://your_websocket_universal.server 时出现错误: dial tcp: lookup your_websocket_universal.server: no such host 
[2022-11-25 21:42:24] [WARNING]: 连接到反向WebSocket Universal服务器 ws://your_websocket_universal.server 时出现错误: dial tcp: lookup your_websocket_universal.server: no such host 
[2022-11-25 21:42:27] [WARNING]: 连接到反向WebSocket Universal服务器 ws://your_websocket_universal.server 时出现错误: dial tcp: lookup your_websocket_universal.server: no such host 
[2022-11-25 21:42:30] [WARNING]: 连接到反向WebSocket Universal服务器 ws://your_websocket_universal.server 时出现错误: dial tcp: lookup your_websocket_universal.server: no such host 
[2022-11-25 21:42:33] [WARNING]: 连接到反向WebSocket Universal服务器 ws://your_websocket_universal.server 时出现错误: dial tcp: lookup your_websocket_universal.server: no such host 
[2022-11-25 21:42:36] [WARNING]: 连接到反向WebSocket Universal服务器 ws://your_websocket_universal.server 时出现错误: dial tcp: lookup your_websocket_universal.server: no such host 
[2022-11-25 21:42:39] [WARNING]: 连接到反向WebSocket Universal服务器 ws://your_websocket_universal.server 时出现错误: dial tcp: lookup your_websocket_universal.server: no such host 
[2022-11-25 21:42:42] [WARNING]: 连接到反向WebSocket Universal服务器 ws://your_websocket_universal.server 时出现错误: dial tcp: lookup your_websocket_universal.server: no such host 
[2022-11-25 21:42:45] [WARNING]: 连接到反向WebSocket Universal服务器 ws://your_websocket_universal.server 时出现错误: dial tcp: lookup your_websocket_universal.server: no such host 
[2022-11-25 21:42:54] [WARNING]: 连接到反向WebSocket Universal服务器 ws://your_websocket_universal.server 时出现错误: dial tcp: lookup your_websocket_universal.server: no such host 
[2022-11-25 21:42:57] [WARNING]: 连接到反向WebSocket Universal服务器 ws://your_websocket_universal.server 时出现错误: dial tcp: lookup your_websocket_universal.server: no such host 
[2022-11-25 21:43:00] [WARNING]: 连接到反向WebSocket Universal服务器 ws://your_websocket_universal.server 时出现错误: dial tcp: lookup your_websocket_universal.server: no such host 
[2022-11-25 21:43:03] [WARNING]: 连接到反向WebSocket Universal服务器 ws://your_websocket_universal.server 时出现错误: dial tcp: lookup your_websocket_universal.server: no such host 
[2022-11-25 21:43:06] [WARNING]: 连接到反向WebSocket Universal服务器 ws://your_websocket_universal.server 时出现错误: dial tcp: lookup your_websocket_universal.server: no such host 
[2022-11-25 21:43:09] [WARNING]: 连接到反向WebSocket Universal服务器 ws://your_websocket_universal.server 时出现错误: dial tcp: lookup your_websocket_universal.server: no such host 
[2022-11-25 21:43:12] [WARNING]: 连接到反向WebSocket Universal服务器 ws://your_websocket_universal.server 时出现错误: dial tcp: lookup your_websocket_universal.server: no such host 
[2022-11-25 21:43:15] [WARNING]: 连接到反向WebSocket Universal服务器 ws://your_websocket_universal.server 时出现错误: dial tcp: lookup your_websocket_universal.server: no such host 
[2022-11-25 21:43:18] [WARNING]: 连接到反向WebSocket Universal服务器 ws://your_websocket_universal.server 时出现错误: dial tcp: lookup your_websocket_universal.server: no such host 
[2022-11-25 21:43:21] [WARNING]: 连接到反向WebSocket Universal服务器 ws://your_websocket_universal.server 时出现错误: dial tcp: lookup your_websocket_universal.server: no such host 
[2022-11-25 21:43:24] [WARNING]: 连接到反向WebSocket Universal服务器 ws://your_websocket_universal.server 时出现错误: dial tcp: lookup your_websocket_universal.server: no such host 
[2022-11-25 21:43:27] [WARNING]: 连接到反向WebSocket Universal服务器 ws://your_websocket_universal.server 时出现错误: dial tcp: lookup your_websocket_universal.server: no such host 
[2022-11-25 21:43:30] [WARNING]: 连接到反向WebSocket Universal服务器 ws://your_websocket_universal.server 时出现错误: dial tcp: lookup your_websocket_universal.server: no such host 
[2022-11-25 21:43:33] [WARNING]: 连接到反向WebSocket Universal服务器 ws://your_websocket_universal.server 时出现错误: dial tcp: lookup your_websocket_universal.server: no such host 
[2022-11-25 21:43:36] [WARNING]: 连接到反向WebSocket Universal服务器 ws://your_websocket_universal.server 时出现错误: dial tcp: lookup your_websocket_universal.server: no such host 
[2022-11-25 21:43:39] [WARNING]: 连接到反向WebSocket Universal服务器 ws://your_websocket_universal.server 时出现错误: dial tcp: lookup your_websocket_universal.server: no such host 
[2022-11-25 21:43:42] [WARNING]: 连接到反向WebSocket Universal服务器 ws://your_websocket_universal.server 时出现错误: dial tcp: lookup your_websocket_universal.server: no such host 
[2022-11-25 21:43:45] [WARNING]: 连接到反向WebSocket Universal服务器 ws://your_websocket_universal.server 时出现错误: dial tcp: lookup your_websocket_universal.server: no such host 
[2022-11-25 21:43:48] [WARNING]: 连接到反向WebSocket Universal服务器 ws://your_websocket_universal.server 时出现错误: dial tcp: lookup your_websocket_universal.server: no such host 
[2022-11-25 21:43:51] [WARNING]: 连接到反向WebSocket Universal服务器 ws://your_websocket_universal.server 时出现错误: dial tcp: lookup your_websocket_universal.server: no such host 
[2022-11-25 21:43:54] [WARNING]: 连接到反向WebSocket Universal服务器 ws://your_websocket_universal.server 时出现错误: dial tcp: lookup your_websocket_universal.server: no such host 
[2022-11-25 21:43:57] [WARNING]: 连接到反向WebSocket Universal服务器 ws://your_websocket_universal.server 时出现错误: dial tcp: lookup your_websocket_universal.server: no such host 
[2022-11-25 21:44:00] [WARNING]: 连接到反向WebSocket Universal服务器 ws://your_websocket_universal.server 时出现错误: dial tcp: lookup your_websocket_universal.server: no such host 
[2022-11-25 21:44:03] [WARNING]: 连接到反向WebSocket Universal服务器 ws://your_websocket_universal.server 时出现错误: dial tcp: lookup your_websocket_universal.server: no such host 
[2022-11-25 21:44:06] [WARNING]: 连接到反向WebSocket Universal服务器 ws://your_websocket_universal.server 时出现错误: dial tcp: lookup your_websocket_universal.server: no such host 
[2022-11-25 21:44:09] [WARNING]: 连接到反向WebSocket Universal服务器 ws://your_websocket_universal.server 时出现错误: dial tcp: lookup your_websocket_universal.server: no such host 
[2022-11-25 21:44:12] [WARNING]: 连接到反向WebSocket Universal服务器 ws://your_websocket_universal.server 时出现错误: dial tcp: lookup your_websocket_universal.server: no such host 
[2022-11-25 21:44:15] [WARNING]: 连接到反向WebSocket Universal服务器 ws://your_websocket_universal.server 时出现错误: dial tcp: lookup your_websocket_universal.server: no such host 
[2022-11-25 21:44:18] [WARNING]: 连接到反向WebSocket Universal服务器 ws://your_websocket_universal.server 时出现错误: dial tcp: lookup your_websocket_universal.server: no such host 
[2022-11-25 21:44:21] [WARNING]: 连接到反向WebSocket Universal服务器 ws://your_websocket_universal.server 时出现错误: dial tcp: lookup your_websocket_universal.server: no such host 
[2022-11-25 21:44:24] [WARNING]: 连接到反向WebSocket Universal服务器 ws://your_websocket_universal.server 时出现错误: dial tcp: lookup your_websocket_universal.server: no such host 
[2022-11-25 21:45:00] [WARNING]: Protocol -> device lock is disable. http api may fail. 
[2022-11-25 21:45:03] [WARNING]: lambda 初始化失败: Post "http:///runtime/init/ready": http: no Host in request URL 
[2022-11-25 21:45:03] [WARNING]: 监听反向WS Universal时出现错误: websocket: close 1005 (no status) 
[2022-11-25 21:45:08] [WARNING]: 向反向WS Universal服务器推送 Event 时出现错误: websocket: close sent 
[2022-11-25 21:45:11] [WARNING]: 监听反向WS Universal时出现错误: websocket: close 1005 (no status) 
[2022-11-25 21:45:13] [WARNING]: 向反向WS Universal服务器推送 Event 时出现错误: websocket: close sent 
[2022-11-25 21:45:16] [WARNING]: 监听反向WS Universal时出现错误: websocket: close 1005 (no status) 
[2022-11-25 21:45:18] [WARNING]: 向反向WS Universal服务器推送 Event 时出现错误: websocket: close sent 
[2022-11-25 21:45:21] [WARNING]: 监听反向WS Universal时出现错误: websocket: close 1005 (no status) 
[2022-11-25 21:45:23] [WARNING]: 向反向WS Universal服务器推送 Event 时出现错误: websocket: close sent 
[2022-11-25 21:45:26] [WARNING]: 监听反向WS Universal时出现错误: websocket: close 1005 (no status) 
[2022-11-25 21:45:28] [WARNING]: 向反向WS Universal服务器推送 Event 时出现错误: websocket: close sent 
[2022-11-25 21:45:31] [WARNING]: 监听反向WS Universal时出现错误: websocket: close 1005 (no status) 
[2022-11-25 21:45:33] [WARNING]: 向反向WS Universal服务器推送 Event 时出现错误: websocket: close sent 
[2022-11-25 21:45:36] [WARNING]: 监听反向WS Universal时出现错误: websocket: close 1005 (no status) 
[2022-11-25 21:45:38] [WARNING]: 向反向WS Universal服务器推送 Event 时出现错误: websocket: close sent 
[2022-11-25 21:45:41] [WARNING]: 监听反向WS Universal时出现错误: websocket: close 1005 (no status) 
[2022-11-25 21:45:43] [WARNING]: 向反向WS Universal服务器推送 Event 时出现错误: websocket: close sent 
[2022-11-25 21:45:46] [WARNING]: 监听反向WS Universal时出现错误: websocket: close 1005 (no status) 
[2022-11-25 21:45:48] [WARNING]: 向反向WS Universal服务器推送 Event 时出现错误: websocket: close sent 
[2022-11-25 21:45:51] [WARNING]: 监听反向WS Universal时出现错误: websocket: close 1005 (no status) 
[2022-11-25 21:45:53] [WARNING]: 向反向WS Universal服务器推送 Event 时出现错误: websocket: close sent 
[2022-11-25 21:45:56] [WARNING]: 监听反向WS Universal时出现错误: websocket: close 1005 (no status) 
[2022-11-25 21:45:58] [WARNING]: 向反向WS Universal服务器推送 Event 时出现错误: websocket: close sent 
[2022-11-25 21:46:01] [WARNING]: 监听反向WS Universal时出现错误: websocket: close 1005 (no status) 
[2022-11-25 21:46:03] [WARNING]: 向反向WS Universal服务器推送 Event 时出现错误: websocket: close sent 
[2022-11-25 21:46:06] [WARNING]: 监听反向WS Universal时出现错误: websocket: close 1005 (no status) 
[2022-11-25 21:46:08] [WARNING]: 向反向WS Universal服务器推送 Event 时出现错误: websocket: close sent 
[2022-11-25 21:46:11] [WARNING]: 监听反向WS Universal时出现错误: websocket: close 1005 (no status) 
[2022-11-25 21:46:13] [WARNING]: 向反向WS Universal服务器推送 Event 时出现错误: websocket: close sent 
[2022-11-25 21:46:16] [WARNING]: 监听反向WS Universal时出现错误: websocket: close 1005 (no status) 
[2022-11-25 21:46:18] [WARNING]: 向反向WS Universal服务器推送 Event 时出现错误: websocket: close sent 
[2022-11-25 21:46:21] [WARNING]: 监听反向WS Universal时出现错误: websocket: close 1005 (no status) 
[2022-11-25 21:46:23] [WARNING]: 向反向WS Universal服务器推送 Event 时出现错误: websocket: close sent 
[2022-11-25 21:46:26] [WARNING]: 监听反向WS Universal时出现错误: websocket: close 1005 (no status) 
[2022-11-25 21:46:28] [WARNING]: 向反向WS Universal服务器推送 Event 时出现错误: websocket: close sent 
[2022-11-25 21:46:31] [WARNING]: 监听反向WS Universal时出现错误: websocket: close 1005 (no status) 
[2022-11-25 21:46:33] [WARNING]: 向反向WS Universal服务器推送 Event 时出现错误: websocket: close sent 
[2022-11-25 21:46:36] [WARNING]: 监听反向WS Universal时出现错误: websocket: close 1005 (no status) 
[2022-11-25 21:46:38] [WARNING]: 向反向WS Universal服务器推送 Event 时出现错误: websocket: close sent 
[2022-11-25 21:46:41] [WARNING]: 监听反向WS Universal时出现错误: websocket: close 1005 (no status) 
[2022-11-25 21:46:43] [WARNING]: 向反向WS Universal服务器推送 Event 时出现错误: websocket: close sent 
[2022-11-25 21:46:46] [WARNING]: 监听反向WS Universal时出现错误: websocket: close 1005 (no status) 
[2022-11-25 21:46:48] [WARNING]: 向反向WS Universal服务器推送 Event 时出现错误: websocket: close sent 
[2022-11-25 21:46:51] [WARNING]: 监听反向WS Universal时出现错误: websocket: close 1005 (no status) 
[2022-11-25 21:46:53] [WARNING]: 向反向WS Universal服务器推送 Event 时出现错误: websocket: close sent 
[2022-11-25 21:46:56] [WARNING]: 监听反向WS Universal时出现错误: websocket: close 1005 (no status) 
[2022-11-25 21:46:58] [WARNING]: 向反向WS Universal服务器推送 Event 时出现错误: websocket: close sent 
[2022-11-25 21:47:01] [WARNING]: 监听反向WS Universal时出现错误: websocket: close 1005 (no status) 
[2022-11-25 21:47:03] [WARNING]: 向反向WS Universal服务器推送 Event 时出现错误: websocket: close sent 
[2022-11-25 21:47:06] [WARNING]: 监听反向WS Universal时出现错误: websocket: close 1005 (no status) 
[2022-11-25 21:47:08] [WARNING]: 向反向WS Universal服务器推送 Event 时出现错误: websocket: close sent 
[2022-11-25 21:47:11] [WARNING]: 监听反向WS Universal时出现错误: websocket: close 1005 (no status) 
[2022-11-25 21:47:13] [WARNING]: 向反向WS Universal服务器推送 Event 时出现错误: websocket: close sent 
[2022-11-25 21:47:16] [WARNING]: 监听反向WS Universal时出现错误: websocket: close 1005 (no status) 
[2022-11-25 21:47:18] [WARNING]: 向反向WS Universal服务器推送 Event 时出现错误: websocket: close sent 
[2022-11-25 21:47:21] [WARNING]: 监听反向WS Universal时出现错误: websocket: close 1005 (no status) 
[2022-11-25 21:47:23] [WARNING]: 向反向WS Universal服务器推送 Event 时出现错误: websocket: close sent 
[2022-11-25 21:47:26] [WARNING]: 监听反向WS Universal时出现错误: websocket: close 1005 (no status) 
[2022-11-25 21:47:28] [WARNING]: 向反向WS Universal服务器推送 Event 时出现错误: websocket: close sent 
[2022-11-25 21:47:31] [WARNING]: 监听反向WS Universal时出现错误: websocket: close 1005 (no status) 
[2022-11-25 21:47:33] [WARNING]: 向反向WS Universal服务器推送 Event 时出现错误: websocket: close sent 
[2022-11-25 21:47:36] [WARNING]: 监听反向WS Universal时出现错误: websocket: close 1005 (no status) 
[2022-11-25 21:47:38] [WARNING]: 向反向WS Universal服务器推送 Event 时出现错误: websocket: close sent 
[2022-11-25 21:47:41] [WARNING]: 监听反向WS Universal时出现错误: websocket: close 1005 (no status) 
[2022-11-25 21:47:43] [WARNING]: 向反向WS Universal服务器推送 Event 时出现错误: websocket: close sent 
[2022-11-25 21:47:46] [WARNING]: 监听反向WS Universal时出现错误: websocket: close 1005 (no status) 
[2022-11-25 21:47:48] [WARNING]: 向反向WS Universal服务器推送 Event 时出现错误: websocket: close sent 
[2022-11-25 21:47:51] [WARNING]: 监听反向WS Universal时出现错误: websocket: close 1005 (no status) 
[2022-11-25 21:47:53] [WARNING]: 向反向WS Universal服务器推送 Event 时出现错误: websocket: close sent 
[2022-11-25 21:47:56] [WARNING]: 监听反向WS Universal时出现错误: websocket: close 1005 (no status) 
[2022-11-25 21:47:58] [WARNING]: 向反向WS Universal服务器推送 Event 时出现错误: websocket: close sent 
[2022-11-25 21:48:03] [WARNING]: 连接到反向WebSocket Universal服务器 ws://127.0.0.1:8001 时出现错误: dial tcp 127.0.0.1:8001: connectex: No connection could be made because the target machine actively refused it. 
[2022-11-25 21:48:08] [WARNING]: 连接到反向WebSocket Universal服务器 ws://127.0.0.1:8001 时出现错误: dial tcp 127.0.0.1:8001: connectex: No connection could be made because the target machine actively refused it. 
[2022-11-25 21:48:13] [WARNING]: 连接到反向WebSocket Universal服务器 ws://127.0.0.1:8001 时出现错误: dial tcp 127.0.0.1:8001: connectex: No connection could be made because the target machine actively refused it. 
[2022-11-25 21:48:18] [WARNING]: 连接到反向WebSocket Universal服务器 ws://127.0.0.1:8001 时出现错误: dial tcp 127.0.0.1:8001: connectex: No connection could be made because the target machine actively refused it. 
[2022-11-25 21:48:23] [WARNING]: 连接到反向WebSocket Universal服务器 ws://127.0.0.1:8001 时出现错误: dial tcp 127.0.0.1:8001: connectex: No connection could be made because the target machine actively refused it. 
[2022-11-25 21:48:28] [WARNING]: 连接到反向WebSocket Universal服务器 ws://127.0.0.1:8001 时出现错误: dial tcp 127.0.0.1:8001: connectex: No connection could be made because the target machine actively refused it. 
[2022-11-25 21:48:33] [WARNING]: 连接到反向WebSocket Universal服务器 ws://127.0.0.1:8001 时出现错误: dial tcp 127.0.0.1:8001: connectex: No connection could be made because the target machine actively refused it. 
[2022-11-25 21:48:38] [WARNING]: 连接到反向WebSocket Universal服务器 ws://127.0.0.1:8001 时出现错误: dial tcp 127.0.0.1:8001: connectex: No connection could be made because the target machine actively refused it. 
[2022-11-25 21:48:43] [WARNING]: 连接到反向WebSocket Universal服务器 ws://127.0.0.1:8001 时出现错误: dial tcp 127.0.0.1:8001: connectex: No connection could be made because the target machine actively refused it. 
[2022-11-25 21:48:48] [WARNING]: 连接到反向WebSocket Universal服务器 ws://127.0.0.1:8001 时出现错误: dial tcp 127.0.0.1:8001: connectex: No connection could be made because the target machine actively refused it. 
[2022-11-25 21:48:53] [WARNING]: 连接到反向WebSocket Universal服务器 ws://127.0.0.1:8001 时出现错误: dial tcp 127.0.0.1:8001: connectex: No connection could be made because the target machine actively refused it. 
[2022-11-25 21:48:58] [WARNING]: 连接到反向WebSocket Universal服务器 ws://127.0.0.1:8001 时出现错误: dial tcp 127.0.0.1:8001: connectex: No connection could be made because the target machine actively refused it. 
[2022-11-25 21:49:04] [WARNING]: 连接到反向WebSocket Universal服务器 ws://127.0.0.1:8001 时出现错误: dial tcp 127.0.0.1:8001: connectex: No connection could be made because the target machine actively refused it. 
[2022-11-25 21:49:09] [WARNING]: 连接到反向WebSocket Universal服务器 ws://127.0.0.1:8001 时出现错误: dial tcp 127.0.0.1:8001: connectex: No connection could be made because the target machine actively refused it. 
[2022-11-25 21:49:14] [WARNING]: 连接到反向WebSocket Universal服务器 ws://127.0.0.1:8001 时出现错误: dial tcp 127.0.0.1:8001: connectex: No connection could be made because the target machine actively refused it. 
[2022-11-25 21:49:19] [WARNING]: 连接到反向WebSocket Universal服务器 ws://127.0.0.1:8001 时出现错误: dial tcp 127.0.0.1:8001: connectex: No connection could be made because the target machine actively refused it. 
[2022-11-25 21:49:24] [WARNING]: 连接到反向WebSocket Universal服务器 ws://127.0.0.1:8001 时出现错误: dial tcp 127.0.0.1:8001: connectex: No connection could be made because the target machine actively refused it. 
[2022-11-25 21:49:29] [WARNING]: 连接到反向WebSocket Universal服务器 ws://127.0.0.1:8001 时出现错误: dial tcp 127.0.0.1:8001: connectex: No connection could be made because the target machine actively refused it. 
[2022-11-25 21:49:58] [WARNING]: 连接到反向WebSocket Universal服务器 ws://127.0.0.1:8001 时出现错误: read tcp 127.0.0.1:62046->127.0.0.1:8001: wsarecv: An existing connection was forcibly closed by the remote host. 
[2022-11-25 21:50:41] [WARNING]: 连接到反向WebSocket Universal服务器 ws://127.0.0.1:8001 时出现错误: read tcp 127.0.0.1:62151->127.0.0.1:8001: wsarecv: An existing connection was forcibly closed by the remote host. 
[2022-11-25 21:51:20] [WARNING]: Protocol -> device lock is disable. http api may fail. 
[2022-11-25 21:51:22] [WARNING]: lambda 初始化失败: Post "http:///runtime/init/ready": http: no Host in request URL 
[2022-11-25 21:53:15] [WARNING]: Protocol -> device lock is disable. http api may fail. 
[2022-11-25 21:53:19] [WARNING]: 连接到反向WebSocket Universal服务器 ws://127.0.0.1:8088 时出现错误: dial tcp 127.0.0.1:8088: connectex: No connection could be made because the target machine actively refused it. 
[2022-11-25 21:53:24] [WARNING]: 连接到反向WebSocket Universal服务器 ws://127.0.0.1:8088 时出现错误: dial tcp 127.0.0.1:8088: connectex: No connection could be made because the target machine actively refused it. 
[2022-11-25 21:53:29] [WARNING]: 连接到反向WebSocket Universal服务器 ws://127.0.0.1:8088 时出现错误: dial tcp 127.0.0.1:8088: connectex: No connection could be made because the target machine actively refused it. 
[2022-11-25 21:53:34] [WARNING]: 连接到反向WebSocket Universal服务器 ws://127.0.0.1:8088 时出现错误: dial tcp 127.0.0.1:8088: connectex: No connection could be made because the target machine actively refused it. 
[2022-11-25 21:53:39] [WARNING]: 连接到反向WebSocket Universal服务器 ws://127.0.0.1:8088 时出现错误: dial tcp 127.0.0.1:8088: connectex: No connection could be made because the target machine actively refused it. 
[2022-11-25 21:53:44] [WARNING]: 连接到反向WebSocket Universal服务器 ws://127.0.0.1:8088 时出现错误: dial tcp 127.0.0.1:8088: connectex: No connection could be made because the target machine actively refused it. 
[2022-11-25 21:53:50] [WARNING]: 连接到反向WebSocket Universal服务器 ws://127.0.0.1:8088 时出现错误: dial tcp 127.0.0.1:8088: connectex: No connection could be made because the target machine actively refused it. 
[2022-11-25 21:53:55] [WARNING]: 连接到反向WebSocket Universal服务器 ws://127.0.0.1:8088 时出现错误: dial tcp 127.0.0.1:8088: connectex: No connection could be made because the target machine actively refused it. 
[2022-11-25 21:54:00] [WARNING]: 连接到反向WebSocket Universal服务器 ws://127.0.0.1:8088 时出现错误: dial tcp 127.0.0.1:8088: connectex: No connection could be made because the target machine actively refused it. 
[2022-11-25 21:54:05] [WARNING]: 连接到反向WebSocket Universal服务器 ws://127.0.0.1:8088 时出现错误: dial tcp 127.0.0.1:8088: connectex: No connection could be made because the target machine actively refused it. 
[2022-11-25 21:54:10] [WARNING]: 连接到反向WebSocket Universal服务器 ws://127.0.0.1:8088 时出现错误: dial tcp 127.0.0.1:8088: connectex: No connection could be made because the target machine actively refused it. 
[2022-11-25 21:54:15] [WARNING]: 连接到反向WebSocket Universal服务器 ws://127.0.0.1:8088 时出现错误: dial tcp 127.0.0.1:8088: connectex: No connection could be made because the target machine actively refused it. 
[2022-11-25 21:54:20] [WARNING]: 连接到反向WebSocket Universal服务器 ws://127.0.0.1:8088 时出现错误: dial tcp 127.0.0.1:8088: connectex: No connection could be made because the target machine actively refused it. 
[2022-11-25 21:54:25] [WARNING]: 连接到反向WebSocket Universal服务器 ws://127.0.0.1:8088 时出现错误: dial tcp 127.0.0.1:8088: connectex: No connection could be made because the target machine actively refused it. 
[2022-11-25 21:54:30] [WARNING]: 连接到反向WebSocket Universal服务器 ws://127.0.0.1:8088 时出现错误: dial tcp 127.0.0.1:8088: connectex: No connection could be made because the target machine actively refused it. 
[2022-11-25 21:54:35] [WARNING]: 连接到反向WebSocket Universal服务器 ws://127.0.0.1:8088 时出现错误: dial tcp 127.0.0.1:8088: connectex: No connection could be made because the target machine actively refused it. 
[2022-11-25 21:54:40] [WARNING]: 连接到反向WebSocket Universal服务器 ws://127.0.0.1:8088 时出现错误: dial tcp 127.0.0.1:8088: connectex: No connection could be made because the target machine actively refused it. 
[2022-11-25 21:54:45] [WARNING]: 连接到反向WebSocket Universal服务器 ws://127.0.0.1:8088 时出现错误: dial tcp 127.0.0.1:8088: connectex: No connection could be made because the target machine actively refused it. 
[2022-11-25 21:54:50] [WARNING]: 连接到反向WebSocket Universal服务器 ws://127.0.0.1:8088 时出现错误: dial tcp 127.0.0.1:8088: connectex: No connection could be made because the target machine actively refused it. 
[2022-11-25 21:54:55] [WARNING]: 连接到反向WebSocket Universal服务器 ws://127.0.0.1:8088 时出现错误: dial tcp 127.0.0.1:8088: connectex: No connection could be made because the target machine actively refused it. 
[2022-11-25 21:55:00] [WARNING]: 连接到反向WebSocket Universal服务器 ws://127.0.0.1:8088 时出现错误: dial tcp 127.0.0.1:8088: connectex: No connection could be made because the target machine actively refused it. 
[2022-11-25 21:55:05] [WARNING]: 连接到反向WebSocket Universal服务器 ws://127.0.0.1:8088 时出现错误: dial tcp 127.0.0.1:8088: connectex: No connection could be made because the target machine actively refused it. 
[2022-11-25 21:55:10] [WARNING]: 连接到反向WebSocket Universal服务器 ws://127.0.0.1:8088 时出现错误: dial tcp 127.0.0.1:8088: connectex: No connection could be made because the target machine actively refused it. 
[2022-11-25 21:55:15] [WARNING]: 连接到反向WebSocket Universal服务器 ws://127.0.0.1:8088 时出现错误: dial tcp 127.0.0.1:8088: connectex: No connection could be made because the target machine actively refused it. 
[2022-11-25 21:55:20] [WARNING]: 连接到反向WebSocket Universal服务器 ws://127.0.0.1:8088 时出现错误: dial tcp 127.0.0.1:8088: connectex: No connection could be made because the target machine actively refused it. 
[2022-11-25 21:55:30] [WARNING]: Protocol -> device lock is disable. http api may fail. 
[2022-11-25 21:57:12] [WARNING]: 连接到反向WebSocket Universal服务器 ws://127.0.0.1:8001 时出现错误: read tcp 127.0.0.1:63340->127.0.0.1:8001: wsarecv: An existing connection was forcibly closed by the remote host. 
[2022-11-25 21:57:17] [WARNING]: 连接到反向WebSocket Universal服务器 ws://127.0.0.1:8001 时出现错误: dial tcp 127.0.0.1:8001: connectex: No connection could be made because the target machine actively refused it. 
[2022-11-25 21:57:47] [WARNING]: 监听反向WS Universal时出现错误: read tcp 127.0.0.1:63698->127.0.0.1:8001: wsarecv: An existing connection was forcibly closed by the remote host. 
[2022-11-25 21:57:48] [WARNING]: 向反向WS Universal服务器推送 Event 时出现错误: write tcp 127.0.0.1:63698->127.0.0.1:8001: wsasend: An existing connection was forcibly closed by the remote host. 
[2022-11-25 21:58:48] [WARNING]: 监听反向WS Universal时出现错误: read tcp 127.0.0.1:63820->127.0.0.1:8001: wsarecv: An existing connection was forcibly closed by the remote host. 
[2022-11-25 21:58:53] [WARNING]: 向反向WS Universal服务器推送 Event 时出现错误: write tcp 127.0.0.1:63820->127.0.0.1:8001: use of closed network connection 
[2022-11-25 22:02:38] [WARNING]: 监听反向WS Universal时出现错误: read tcp 127.0.0.1:64037->127.0.0.1:8001: wsarecv: An existing connection was forcibly closed by the remote host. 
[2022-11-25 22:02:43] [WARNING]: 向反向WS Universal服务器推送 Event 时出现错误: write tcp 127.0.0.1:64037->127.0.0.1:8001: use of closed network connection 
[2022-11-25 22:02:46] [WARNING]: 监听反向WS Universal时出现错误: read tcp 127.0.0.1:64796->127.0.0.1:8001: wsarecv: An existing connection was forcibly closed by the remote host. 
[2022-11-25 22:02:48] [WARNING]: 向反向WS Universal服务器推送 Event 时出现错误: write tcp 127.0.0.1:64796->127.0.0.1:8001: wsasend: An existing connection was forcibly closed by the remote host. 
[2022-11-25 22:02:53] [WARNING]: 连接到反向WebSocket Universal服务器 ws://127.0.0.1:8001 时出现错误: dial tcp 127.0.0.1:8001: connectex: No connection could be made because the target machine actively refused it. 
[2022-11-25 22:02:58] [WARNING]: 连接到反向WebSocket Universal服务器 ws://127.0.0.1:8001 时出现错误: dial tcp 127.0.0.1:8001: connectex: No connection could be made because the target machine actively refused it. 
[2022-11-25 22:03:03] [WARNING]: 连接到反向WebSocket Universal服务器 ws://127.0.0.1:8001 时出现错误: dial tcp 127.0.0.1:8001: connectex: No connection could be made because the target machine actively refused it. 
[2022-11-25 22:03:08] [WARNING]: 连接到反向WebSocket Universal服务器 ws://127.0.0.1:8001 时出现错误: dial tcp 127.0.0.1:8001: connectex: No connection could be made because the target machine actively refused it. 
[2022-11-25 22:03:13] [WARNING]: 连接到反向WebSocket Universal服务器 ws://127.0.0.1:8001 时出现错误: dial tcp 127.0.0.1:8001: connectex: No connection could be made because the target machine actively refused it. 
[2022-11-25 22:05:00] [WARNING]: 监听反向WS Universal时出现错误: read tcp 127.0.0.1:64928->127.0.0.1:8001: wsarecv: An existing connection was forcibly closed by the remote host. 
[2022-11-25 22:05:03] [WARNING]: 向反向WS Universal服务器推送 Event 时出现错误: write tcp 127.0.0.1:64928->127.0.0.1:8001: wsasend: An existing connection was forcibly closed by the remote host. 
[2022-11-25 22:05:51] [WARNING]: 监听反向WS Universal时出现错误: read tcp 127.0.0.1:54397->127.0.0.1:8001: wsarecv: An existing connection was forcibly closed by the remote host. 
[2022-11-25 22:05:53] [WARNING]: 向反向WS Universal服务器推送 Event 时出现错误: write tcp 127.0.0.1:54397->127.0.0.1:8001: wsasend: An existing connection was forcibly closed by the remote host. 
[2022-11-25 22:06:10] [WARNING]: 监听反向WS Universal时出现错误: read tcp 127.0.0.1:54553->127.0.0.1:8001: wsarecv: An existing connection was forcibly closed by the remote host. 
[2022-11-25 22:06:13] [WARNING]: 向反向WS Universal服务器推送 Event 时出现错误: write tcp 127.0.0.1:54553->127.0.0.1:8001: wsasend: An existing connection was forcibly closed by the remote host. 
[2022-11-25 22:06:31] [WARNING]: 监听反向WS Universal时出现错误: read tcp 127.0.0.1:54637->127.0.0.1:8001: wsarecv: An existing connection was forcibly closed by the remote host. 
[2022-11-25 22:06:33] [WARNING]: 向反向WS Universal服务器推送 Event 时出现错误: write tcp 127.0.0.1:54637->127.0.0.1:8001: wsasend: An existing connection was forcibly closed by the remote host. 
[2022-11-25 22:06:43] [WARNING]: 监听反向WS Universal时出现错误: read tcp 127.0.0.1:54655->127.0.0.1:8001: wsarecv: An existing connection was forcibly closed by the remote host. 
[2022-11-25 22:06:48] [WARNING]: 向反向WS Universal服务器推送 Event 时出现错误: write tcp 127.0.0.1:54655->127.0.0.1:8001: use of closed network connection 
[2022-11-25 22:06:53] [WARNING]: 连接到反向WebSocket Universal服务器 ws://127.0.0.1:8001 时出现错误: dial tcp 127.0.0.1:8001: connectex: No connection could be made because the target machine actively refused it. 
[2022-11-25 22:06:58] [WARNING]: 连接到反向WebSocket Universal服务器 ws://127.0.0.1:8001 时出现错误: dial tcp 127.0.0.1:8001: connectex: No connection could be made because the target machine actively refused it. 
[2022-11-25 22:07:03] [WARNING]: 连接到反向WebSocket Universal服务器 ws://127.0.0.1:8001 时出现错误: dial tcp 127.0.0.1:8001: connectex: No connection could be made because the target machine actively refused it. 
[2022-11-25 22:07:08] [WARNING]: 连接到反向WebSocket Universal服务器 ws://127.0.0.1:8001 时出现错误: dial tcp 127.0.0.1:8001: connectex: No connection could be made because the target machine actively refused it. 
[2022-11-25 22:07:21] [WARNING]: 监听反向WS Universal时出现错误: read tcp 127.0.0.1:54789->127.0.0.1:8001: wsarecv: An existing connection was forcibly closed by the remote host. 
[2022-11-25 22:07:23] [WARNING]: 向反向WS Universal服务器推送 Event 时出现错误: write tcp 127.0.0.1:54789->127.0.0.1:8001: wsasend: An existing connection was forcibly closed by the remote host. 
[2022-11-25 22:07:28] [WARNING]: 连接到反向WebSocket Universal服务器 ws://127.0.0.1:8001 时出现错误: dial tcp 127.0.0.1:8001: connectex: No connection could be made because the target machine actively refused it. 
[2022-11-25 22:07:33] [WARNING]: 连接到反向WebSocket Universal服务器 ws://127.0.0.1:8001 时出现错误: dial tcp 127.0.0.1:8001: connectex: No connection could be made because the target machine actively refused it. 
[2022-11-25 22:07:38] [WARNING]: 连接到反向WebSocket Universal服务器 ws://127.0.0.1:8001 时出现错误: dial tcp 127.0.0.1:8001: connectex: No connection could be made because the target machine actively refused it. 
[2022-11-25 22:07:43] [WARNING]: 连接到反向WebSocket Universal服务器 ws://127.0.0.1:8001 时出现错误: dial tcp 127.0.0.1:8001: connectex: No connection could be made because the target machine actively refused it. 
[2022-11-25 22:07:48] [WARNING]: 连接到反向WebSocket Universal服务器 ws://127.0.0.1:8001 时出现错误: dial tcp 127.0.0.1:8001: connectex: No connection could be made because the target machine actively refused it. 
[2022-11-25 22:07:53] [WARNING]: 连接到反向WebSocket Universal服务器 ws://127.0.0.1:8001 时出现错误: dial tcp 127.0.0.1:8001: connectex: No connection could be made because the target machine actively refused it. 
[2022-11-25 22:24:05] [WARNING]: 账号密码未配置, 将使用二维码登录. 
[2022-11-25 22:24:05] [WARNING]: 将在 5秒 后继续. 
[2022-11-25 22:24:30] [WARNING]: 登录失败: 密码错误或账号被冻结 
[2022-11-25 22:25:28] [WARNING]: 账号密码未配置, 将使用二维码登录. 
[2022-11-25 22:25:28] [WARNING]: 将在 5秒 后继续. 
[2022-11-25 22:25:50] [WARNING]: Protocol -> device lock is disable. http api may fail. 
[2022-11-25 22:40:12] [WARNING]: 监听反向WS Universal时出现错误: read tcp 127.0.0.1:58770->127.0.0.1:8001: wsarecv: An existing connection was forcibly closed by the remote host. 
[2022-11-25 22:40:16] [WARNING]: 向反向WS Universal服务器推送 Event 时出现错误: write tcp 127.0.0.1:58770->127.0.0.1:8001: use of closed network connection 
[2022-11-25 23:41:12] [WARNING]: 监听反向WS Universal时出现错误: read tcp 127.0.0.1:61839->127.0.0.1:8001: wsarecv: An existing connection was forcibly closed by the remote host. 
[2022-11-25 23:41:16] [WARNING]: 向反向WS Universal服务器推送 Event 时出现错误: write tcp 127.0.0.1:61839->127.0.0.1:8001: use of closed network connection 
